36,1,3.975871,4.15E-23,9.00E-07,0.06,0.05,0.5,0,0
36,1,7.876017,3.27E-27,7.70E-06,0.06,0.05,0.5,0,2347.9597
36,1,7.951606,3.23E-22,8.64E-06,0.06,0.05,0.5,0,3.9759
36,1,11.813688,1.05E-26,2.78E-05,0.06,0.05,0.5,0,2355.8357
36,1,11.92707,1.04E-21,3.12E-05,0.06,0.05,0.5,0,11.9275
36,1,15.750954,2.33E-26,6.83E-05,0.06,0.05,0.5,0,2367.6494
36,1,15.902127,2.29E-21,7.66E-05,0.06,0.05,0.5,0,23.8545
36,1,19.68768,4.17E-26,1.36E-04,0.06,0.05,0.5,0,2383.4004
36,1,19.876641,4.10E-21,1.53E-04,0.06,0.05,0.5,0,39.7567
36,1,23.623731,6.48E-26,2.39E-04,0.06,0.05,0.5,0,2403.088
36,1,23.850476,6.37E-21,2.68E-04,0.06,0.05,0.5,0,59.6333
36,1,27.558972,9.07E-26,3.83E-04,0.06,0.05,0.5,0,2426.7118
36,1,27.823498,8.90E-21,4.29E-04,0.06,0.05,0.5,0,83.4838
36,1,31.493269,1.17E-25,5.75E-04,0.06,0.05,0.5,0,2454.2707
36,1,31.795569,1.15E-20,6.45E-04,0.06,0.05,0.5,0,111.3073
36,1,35.426485,1.41E-25,8.22E-04,0.06,0.05,0.5,0,2485.764
36,1,35.766556,1.38E-20,9.22E-04,0.06,0.05,0.5,0,143.1029
36,1,39.358486,1.61E-25,1.13E-03,0.06,0.05,0.5,0,2521.1905
36,1,39.736321,1.58E-20,1.27E-03,0.06,0.05,0.5,0,178.8694
36,1,43.289138,1.75E-25,1.51E-03,0.06,0.05,0.5,0,2560.549
36,1,43.704729,1.71E-20,1.69E-03,0.06,0.05,0.5,0,218.6057
36,1,47.218305,1.82E-25,1.96E-03,0.06,0.05,0.5,0,2603.8381
36,1,47.671645,1.77E-20,2.19E-03,0.06,0.05,0.5,0,262.3105
36,1,51.145853,1.82E-25,2.49E-03,0.06,0.05,0.5,0,2651.0564
36,1,51.636933,1.76E-20,2.79E-03,0.06,0.05,0.5,0,309.9821
36,1,55.071646,1.75E-25,3.10E-03,0.06,0.05,0.5,0,2702.2023
36,1,55.600458,1.69E-20,3.48E-03,0.06,0.05,0.5,0,361.619
36,1,58.99555,1.62E-25,3.81E-03,0.06,0.05,0.5,0,2757.2739
36,1,59.562083,1.57E-20,4.27E-03,0.06,0.05,0.5,0,417.2195
36,1,62.917429,1.46E-25,4.61E-03,0.06,0.05,0.5,0,2816.2695
36,1,63.521674,1.40E-20,5.17E-03,0.06,0.05,0.5,0,476.7816
36,1,66.83715,1.27E-25,5.51E-03,0.06,0.05,0.5,0,2879.1869
36,1,67.479095,1.22E-20,6.18E-03,0.06,0.05,0.5,0,540.3033
36,1,70.754577,1.08E-25,6.52E-03,0.06,0.05,0.5,0,2946.0241
36,1,71.43421,1.03E-20,7.31E-03,0.06,0.05,0.5,0,607.7824
36,1,74.669575,8.84E-26,7.64E-03,0.06,0.05,0.5,0,3016.7786
36,1,75.386884,8.43E-21,8.56E-03,0.06,0.05,0.5,0,679.2166
36,1,78.58201,7.07E-26,8.87E-03,0.06,0.05,0.5,0,3091.4482
36,1,79.336982,6.72E-21,9.94E-03,0.06,0.05,0.5,0,754.6034
36,1,82.491747,5.51E-26,1.02E-02,0.06,0.05,0.5,0,3170.0302
36,1,83.284368,5.21E-21,1.15E-02,0.06,0.05,0.5,0,833.9404
36,1,86.398651,4.18E-26,1.17E-02,0.06,0.05,0.5,0,3252.522
36,1,87.228906,3.94E-21,1.31E-02,0.06,0.05,0.5,0,917.2248
36,1,90.302588,3.09E-26,1.33E-02,0.06,0.05,0.5,0,3338.9206
36,1,91.170462,2.90E-21,1.49E-02,0.06,0.05,0.5,0,1004.4537
36,1,95.1089,2.08E-21,1.68E-02,0.06,0.05,0.5,0,1095.6242
36,1,99.044084,1.46E-21,1.89E-02,0.06,0.05,0.5,0,1190.7331
36,1,102.975881,9.99E-22,2.11E-02,0.06,0.05,0.5,0,1289.7772
36,1,106.904153,6.67E-22,2.35E-02,0.06,0.05,0.5,0,1392.753
36,1,110.828767,4.35E-22,2.60E-02,0.06,0.05,0.5,0,1499.6572
36,1,114.749587,2.78E-22,2.87E-02,0.06,0.05,0.5,0,1610.486
36,1,118.666477,1.73E-22,3.15E-02,0.06,0.05,0.5,0,1725.2355
36,1,122.579304,1.05E-22,3.44E-02,0.06,0.05,0.5,0,1843.902
36,1,126.487932,6.28E-23,3.76E-02,0.06,0.05,0.5,0,1966.4813
36,1,130.392226,3.66E-23,4.08E-02,0.06,0.05,0.5,0,2092.9693
36,1,134.29205,2.09E-23,4.42E-02,0.06,0.05,0.5,0,2223.3615
36,1,138.187272,1.16E-23,4.78E-02,0.06,0.05,0.5,0,2357.6535
36,1,142.077754,6.35E-24,5.15E-02,0.06,0.05,0.5,0,2495.8408
36,1,145.963364,3.39E-24,5.53E-02,0.06,0.05,0.5,0,2637.9186
36,1,149.843965,1.78E-24,5.93E-02,0.06,0.05,0.5,0,2783.8819
36,1,153.719424,9.09E-25,6.34E-02,0.06,0.05,0.5,0,2933.7259
36,1,157.589606,4.56E-25,6.77E-02,0.06,0.05,0.5,0,3087.4453
36,1,161.454377,2.24E-25,7.21E-02,0.06,0.05,0.5,0,3245.0349
36,1,165.313601,1.08E-25,7.66E-02,0.06,0.05,0.5,0,3406.4893
36,1,1634.831153,6.12E-81,9.92E+00,0.06,#####,0.5,0,29931.6178
36,1,1641.749655,3.43E-80,1.01E+01,0.06,#####,0.5,0,29575.8235
36,1,1648.642287,1.89E-79,1.02E+01,0.06,#####,0.5,0,29223.1374
36,1,1655.50894,1.03E-78,1.03E+01,0.06,#####,0.5,0,28873.5731
36,1,1662.349507,5.51E-78,1.04E+01,0.06,#####,0.5,0,28527.1439
36,1,1664.368373,9.63E-77,8.80E+00,0.06,#####,0.5,0,27911.4552
36,1,1669.163878,2.90E-77,1.06E+01,0.06,#####,0.5,0,28183.8632
36,1,1671.319174,5.50E-76,8.91E+00,0.06,#####,0.5,0,27551.8182
36,1,1675.951944,1.51E-76,1.07E+01,0.06,#####,0.5,0,27843.7442
36,1,1678.244147,3.09E-75,9.02E+00,0.06,#####,0.5,0,27195.3289
36,1,1682.713596,7.70E-76,1.08E+01,0.06,#####,0.5,0,27506.7997
36,1,1685.143185,1.71E-74,9.13E+00,0.06,#####,0.5,0,26842.0007
36,1,1689.448724,3.87E-75,1.10E+01,0.06,#####,0.5,0,27173.0428
36,1,1692.01618,9.33E-74,9.24E+00,0.06,#####,0.5,0,26491.8471
36,1,1693.819153,1.75E-72,7.65E+00,0.06,#####,0.5,0,25857.9991
36,1,1696.157218,1.92E-74,1.11E+01,0.06,#####,0.5,0,26842.4861
36,1,1698.863022,5.01E-73,9.36E+00,0.06,#####,0.5,0,26144.8811
36,1,1700.802181,1.02E-71,7.74E+00,0.06,#####,0.5,0,25494.5268
36,1,1702.838968,9.35E-74,1.12E+01,0.06,#####,0.5,0,26515.1423
36,1,1705.683603,2.64E-72,9.47E+00,0.06,#####,0.5,0,25801.1161
36,1,1707.759425,5.82E-71,7.84E+00,0.06,#####,0.5,0,25134.2413
36,1,1709.493863,4.49E-73,1.14E+01,0.06,#####,0.5,0,26191.0237
36,1,1712.477814,1.38E-71,9.59E+00,0.06,#####,0.5,0,25460.565
36,1,1714.690776,3.28E-70,7.93E+00,0.06,#####,0.5,0,24777.1563
36,1,1716.121791,2.12E-72,1.15E+01,0.06,#####,0.5,0,25870.1428
36,1,1719.245546,7.04E-71,9.70E+00,0.06,#####,0.5,0,25123.2406
36,1,1721.596126,1.82E-69,8.03E+00,0.06,#####,0.5,0,24423.285
36,1,1722.722643,9.85E-72,1.16E+01,0.06,#####,0.5,0,25552.5118
36,1,1723.183493,3.47E-68,6.19E+00,0.06,#####,0.5,0,23771.3433
36,1,1725.986688,3.54E-70,9.81E+00,0.06,#####,0.5,0,24789.1556
36,1,1728.475368,9.95E-69,8.13E+00,0.06,#####,0.5,0,24072.6407
36,1,1729.296306,4.50E-71,1.18E+01,0.06,#####,0.5,0,25238.1426
36,1,1730.198677,2.06E-67,6.27E+00,0.06,#####,0.5,0,23404.0426
36,1,1732.701131,1.76E-69,9.93E+00,0.06,#####,0.5,0,24458.3226
36,1,1735.328393,5.35E-68,8.23E+00,0.06,#####,0.5,0,23725.2366
36,1,1735.842669,2.03E-70,1.19E+01,0.06,#####,0.5,0,24927.0472
36,1,1737.188119,1.20E-66,6.34E+00,0.06,#####,0.5,0,23039.9682
36,1,1739.388764,8.57E-69,1.01E+01,0.06,#####,0.5,0,24130.7541
36,1,1742.155091,2.83E-67,8.32E+00,0.06,#####,0.5,0,23381.0855
36,1,1742.361619,8.98E-70,1.20E+01,0.06,#####,0.5,0,24619.2374
36,1,1744.151711,6.89E-66,6.42E+00,0.06,#####,0.5,0,22679.1333
36,1,1746.049476,4.12E-68,1.02E+01,0.06,#####,0.5,0,23806.4623
36,1,1748.853044,3.91E-69,1.22E+01,0.06,#####,0.5,0,24314.7248
36,1,1748.955355,1.47E-66,8.42E+00,0.06,#####,0.5,0,23040.2002
36,1,1751.089346,3.89E-65,6.50E+00,0.06,#####,0.5,0,22321.5514
36,1,1752.461393,7.18E-64,4.44E+00,0.06,#####,0.5,0,21651.5812
36,1,1752.683158,1.94E-67,1.03E+01,0.06,#####,0.5,0,23485.4594
36,1,1755.316832,1.68E-68,1.23E+01,0.06,#####,0.5,0,24013.5209
36,1,1755.729073,7.55E-66,8.52E+00,0.06,#####,0.5,0,22702.5935
36,1,1758.000916,2.17E-64,6.58E+00,0.06,#####,0.5,0,21967.2357
36,1,1759.289697,9.04E-67,1.04E+01,0.06,#####,0.5,0,23167.7575
36,1,1759.508661,4.33E-63,4.49E+00,0.06,#####,0.5,0,21280.4595
36,1,1761.75287,7.07E-68,1.24E+01,0.06,#####,0.5,0,23715.6372
36,1,1762.476137,3.81E-65,8.62E+00,0.06,#####,0.5,0,22368.2779
36,1,1764.886313,1.19E-63,6.66E+00,0.06,#####,0.5,0,21616.1992
36,1,1765.868981,4.13E-66,1.05E+01,0.06,#####,0.5,0,22853.3684
36,1,1766.53023,2.57E-62,4.54E+00,0.06,#####,0.5,0,20912.6031
36,1,1768.161044,2.94E-67,1.26E+01,0.06,#####,0.5,0,23421.0847
36,1,1769.196437,1.89E-64,8.72E+00,0.06,#####,0.5,0,22037.2659
36,1,1771.745427,6.38E-63,6.73E+00,0.06,#####,0.5,0,21268.4548
36,1,1772.420901,1.86E-65,1.06E+01,0.06,#####,0.5,0,22542.3039
36,1,1773.525992,1.51E-61,4.60E+00,0.06,#####,0.5,0,20548.0254
36,1,1774.54124,1.20E-66,1.27E+01,0.06,#####,0.5,0,23129.8747
36,1,1775.889862,9.22E-64,8.82E+00,0.06,#####,0.5,0,21709.5696
36,1,1778.578151,3.38E-62,6.81E+00,0.06,#####,0.5,0,20924.0154
36,1,1778.945342,8.23E-65,1.08E+01,0.06,#####,0.5,0,22234.5756
36,1,1780.49584,8.66E-61,4.65E+00,0.06,#####,0.5,0,20186.7398
36,1,1780.893345,4.81E-66,1.28E+01,0.06,#####,0.5,0,22842.0181
36,1,1781.652853,1.32E-59,2.40E+00,0.06,#####,0.5,0,19498.8066
36,1,1782.556301,4.43E-63,8.92E+00,0.06,#####,0.5,0,21385.2012
36,1,1785.384374,1.76E-61,6.89E+00,0.06,#####,0.5,0,20582.8936
36,1,1785.442193,3.58E-64,1.09E+01,0.06,#####,0.5,0,21930.195
36,1,1787.217245,1.90E-65,1.30E+01,0.06,#####,0.5,0,22557.5256
36,1,1787.439666,4.90E-60,4.71E+00,0.06,#####,0.5,0,19828.7595
36,1,1788.732134,8.10E-59,2.43E+00,0.06,#####,0.5,0,19123.8709
36,1,1789.195645,2.09E-62,9.02E+00,0.06,#####,0.5,0,21064.1728
36,1,1791.911341,1.53E-63,1.10E+01,0.06,#####,0.5,0,21629.1734
36,1,1792.163988,9.03E-61,6.97E+00,0.06,#####,0.5,0,20245.1019
36,1,1793.512826,7.38E-65,1.31E+01,0.06,#####,0.5,0,22276.408
36,1,1794.357363,2.73E-59,4.76E+00,0.06,#####,0.5,0,19474.0974
36,1,1795.785758,4.90E-58,2.46E+00,0.06,#####,0.5,0,18752.2397
36,1,1795.80778,9.72E-62,9.12E+00,0.06,#####,0.5,0,20746.4961
36,1,1798.352674,6.46E-63,1.11E+01,0.06,#####,0.5,0,21331.522
36,1,1798.916883,4.56E-60,7.05E+00,0.06,#####,0.5,0,19910.6527
36,1,1799.779972,2.82E-64,1.33E+01,0.06,#####,0.5,0,21998.6759
36,1,1801.248822,1.50E-58,4.82E+00,0.06,#####,0.5,0,19122.7666
36,1,1802.392597,4.44E-61,9.22E+00,0.06,#####,0.5,0,20432.183
36,1,1802.813618,2.92E-57,2.49E+00,0.06,#####,0.5,0,18383.9262
36,1,1804.766077,2.68E-62,1.12E+01,0.06,#####,0.5,0,21037.252
36,1,1805.642949,2.26E-59,7.13E+00,0.06,#####,0.5,0,19579.5583
36,1,1806.018569,1.06E-63,1.34E+01,0.06,#####,0.5,0,21724.3396
36,1,1808.113934,8.06E-58,4.87E+00,0.06,#####,0.5,0,18774.7796
36,1,1808.949982,2.00E-60,9.32E+00,0.06,#####,0.5,0,20121.245
36,1,1809.815607,1.71E-56,2.52E+00,0.06,#####,0.5,0,18018.9439
36,1,1811.151438,1.09E-61,1.14E+01,0.06,#####,0.5,0,20746.3742
36,1,1812.228501,3.91E-63,1.35E+01,0.06,#####,0.5,0,21453.4094
36,1,1812.342075,1.10E-58,7.21E+00,0.06,#####,0.5,0,19251.8307
36,1,1814.952591,4.27E-57,4.93E+00,0.06,#####,0.5,0,18430.1493
36,1,1815.479825,8.82E-60,9.42E+00,0.06,#####,0.5,0,19813.6936
36,1,1816.791618,9.85E-56,2.55E+00,0.06,#####,0.5,0,17657.3058
36,1,1817.508642,4.37E-61,1.15E+01,0.06,#####,0.5,0,20458.8994
36,1,1818.409652,1.42E-62,1.37E+01,0.06,#####,0.5,0,21185.8955
36,1,1819.01415,5.30E-58,7.29E+00,0.06,#####,0.5,0,18927.482
36,1,1821.764683,2.23E-56,4.98E+00,0.06,#####,0.5,0,18088.888
36,1,1821.982013,3.84E-59,9.53E+00,0.06,#####,0.5,0,19509.54
36,1,1823.741544,5.58E-55,2.58E+00,0.06,#####,0.5,0,17299.025
36,1,1823.837576,1.72E-60,1.16E+01,0.06,#####,0.5,0,20174.8383
36,1,1824.561908,5.07E-62,1.38E+01,0.06,#####,0.5,0,20921.8078
36,1,1825.659065,2.50E-57,7.37E+00,0.06,#####,0.5,0,18606.5239
36,1,1828.456432,1.64E-58,9.63E+00,0.06,#####,0.5,0,19208.7956
36,1,1828.550101,1.14E-55,5.04E+00,0.06,#####,0.5,0,17751.0082
36,1,1830.138124,6.67E-60,1.17E+01,0.06,#####,0.5,0,19894.2015
36,1,1830.665275,3.11E-54,2.61E+00,0.06,#####,0.5,0,16944.1144
36,1,1830.685151,1.78E-61,1.40E+01,0.06,#####,0.5,0,20661.1562
36,1,1832.276707,1.16E-56,7.45E+00,0.06,#####,0.5,0,18288.9683
36,1,1834.902971,6.90E-58,9.73E+00,0.06,#####,0.5,0,18911.4712
36,1,1835.308736,5.76E-55,5.10E+00,0.06,#####,0.5,0,17416.522
36,1,1836.410173,2.54E-59,1.18E+01,0.06,#####,0.5,0,19616.9993
36,1,1836.779265,6.15E-61,1.41E+01,0.06,#####,0.5,0,20403.9505
36,1,1837.562704,1.71E-53,2.64E+00,0.06,#####,0.5,0,16592.5866
36,1,1838.866966,5.30E-56,7.53E+00,0.06,#####,0.5,0,17974.8266
36,1,1841.321515,2.85E-57,9.84E+00,0.06,#####,0.5,0,18617.5779
36,1,1842.040477,2.86E-54,5.15E+00,0.06,#####,0.5,0,17085.4415
36,1,1842.653607,9.52E-59,1.20E+01,0.06,#####,0.5,0,19343.2419
36,1,1842.844134,2.09E-60,1.42E+01,0.06,#####,0.5,0,20150.2001
36,1,1844.433723,9.20E-53,2.67E+00,0.06,#####,0.5,0,16244.4543
36,1,1845.429728,2.38E-55,7.61E+00,0.06,#####,0.5,0,17664.1103
36,1,1847.711952,1.16E-56,9.94E+00,0.06,#####,0.5,0,18327.1264
36,1,1848.745214,1.39E-53,5.21E+00,0.06,#####,0.5,0,16757.7787
36,1,1848.868312,3.50E-58,1.21E+01,0.06,#####,0.5,0,19072.9395
36,1,1848.87964,6.97E-60,1.44E+01,0.06,#####,0.5,0,19899.9147
36,1,1851.278222,4.88E-52,2.70E+00,0.06,#####,0.5,0,15899.7299
36,1,1851.964884,1.05E-54,7.69E+00,0.06,#####,0.5,0,17356.8307
36,1,1854.074167,4.63E-56,1.00E+01,0.06,#####,0.5,0,18040.1273
36,1,1854.885666,2.29E-59,1.45E+01,0.06,#####,0.5,0,19653.1034
36,1,1855.05417,1.27E-57,1.22E+01,0.06,#####,0.5,0,18806.102
36,1,1855.422836,6.69E-53,5.27E+00,0.06,#####,0.5,0,16433.5455
36,1,1858.096092,2.54E-51,2.73E+00,0.06,#####,0.5,0,15558.4259
36,1,1858.472319,4.56E-54,7.78E+00,0.06,#####,0.5,0,17052.9989
36,1,1860.408047,1.82E-55,1.02E+01,0.06,#####,0.5,0,17756.5912
36,1,1860.862095,7.37E-59,1.47E+01,0.06,#####,0.5,0,19409.7755
36,1,1861.211067,4.51E-57,1.23E+01,0.06,#####,0.5,0,18542.7394
36,1,1862.073232,3.15E-52,5.33E+00,0.06,#####,0.5,0,16112.7534
36,1,1864.887224,1.30E-50,2.76E+00,0.06,#####,0.5,0,15220.5543
36,1,1864.951921,1.95E-53,7.86E+00,0.06,#####,0.5,0,16752.626
36,1,1866.713476,7.03E-55,1.03E+01,0.06,#####,0.5,0,17476.5284
36,1,1866.808808,2.34E-58,1.48E+01,0.06,#####,0.5,0,19169.94
36,1,1867.338886,1.58E-56,1.25E+01,0.06,#####,0.5,0,18282.8612
36,1,1868.696292,1.46E-51,5.38E+00,0.06,#####,0.5,0,15795.414
36,1,1871.403578,8.16E-53,7.94E+00,0.06,#####,0.5,0,16455.7228
36,1,1871.651508,6.57E-50,2.79E+00,0.06,#####,0.5,0,14886.1272
36,1,1872.725687,7.27E-58,1.50E+01,0.06,#####,0.5,0,18933.6058
36,1,1872.990341,2.67E-54,1.04E+01,0.06,#####,0.5,0,17199.9491
36,1,1873.437511,5.43E-56,1.26E+01,0.06,#####,0.5,0,18026.4772
36,1,1875.291903,6.67E-51,5.44E+00,0.06,#####,0.5,0,15481.5388
36,1,1877.827175,3.37E-52,8.02E+00,0.06,#####,0.5,0,16162.3001
36,1,1878.388834,3.26E-49,2.82E+00,0.06,#####,0.5,0,14555.1566
36,1,1878.612613,2.23E-57,1.51E+01,0.06,#####,0.5,0,18700.7816
36,1,1879.238526,9.96E-54,1.05E+01,0.06,#####,0.5,0,16926.8635
36,1,1879.506825,1.83E-55,1.27E+01,0.06,#####,0.5,0,17773.5966
36,1,1881.859954,2.99E-50,5.50E+00,0.06,#####,0.5,0,15171.1389
36,1,1884.222601,1.36E-51,8.11E+00,0.06,#####,0.5,0,15872.3686
36,1,1884.469469,6.70E-57,1.52E+01,0.06,#####,0.5,0,18471.4762
36,1,1885.099092,1.59E-48,2.85E+00,0.06,#####,0.5,0,14227.6543
36,1,1885.457915,3.65E-53,1.06E+01,0.06,#####,0.5,0,16657.2815
36,1,1885.546711,6.09E-55,1.28E+01,0.06,#####,0.5,0,17524.2288
36,1,1888.400333,1.32E-49,5.56E+00,0.06,#####,0.5,0,14864.2256
36,1,1890.296134,1.98E-56,1.54E+01,0.06,#####,0.5,0,18245.698
36,1,1890.589739,5.43E-51,8.19E+00,0.06,#####,0.5,0,15585.9387
36,1,1891.557051,1.99E-54,1.29E+01,0.06,#####,0.5,0,17278.3829
36,1,1891.648394,1.32E-52,1.07E+01,0.06,#####,0.5,0,16391.2128
36,1,1891.782171,7.61E-48,2.88E+00,0.06,#####,0.5,0,13903.6318
36,1,1894.912928,5.70E-49,5.61E+00,0.06,#####,0.5,0,14560.8099
36,1,1896.092489,5.75E-56,1.55E+01,0.06,#####,0.5,0,18023.4553
36,1,1896.928478,2.13E-50,8.27E+00,0.06,#####,0.5,0,15303.0207
36,1,1897.537729,6.37E-54,1.31E+01,0.06,#####,0.5,0,17036.068
36,1,1897.809847,4.67E-52,1.08E+01,0.06,#####,0.5,0,16128.6673
36,1,1898.43796,3.58E-47,2.91E+00,0.06,#####,0.5,0,13583.1008
36,1,1901.397625,2.43E-48,5.67E+00,0.06,#####,0.5,0,14260.9025
36,1,1901.858416,1.64E-55,1.57E+01,0.06,#####,0.5,0,17804.7564
36,1,1903.238701,8.19E-50,8.36E+00,0.06,#####,0.5,0,15023.6248
36,1,1903.488625,2.01E-53,1.32E+01,0.06,#####,0.5,0,16797.293
36,1,1903.942156,1.63E-51,1.09E+01,0.06,#####,0.5,0,15869.6544
36,1,1905.066349,1.66E-46,2.94E+00,0.06,#####,0.5,0,13266.0726
36,1,1907.593792,4.61E-55,1.58E+01,0.06,#####,0.5,0,17589.6093
36,1,1907.854312,1.02E-47,5.73E+00,0.06,#####,0.5,0,13964.5143
36,1,1909.409622,6.22E-53,1.33E+01,0.06,#####,0.5,0,16562.0666
36,1,1909.520295,3.10E-49,8.44E+00,0.06,#####,0.5,0,14747.7612
36,1,1910.045206,5.56E-51,1.10E+01,0.06,#####,0.5,0,15614.1836
36,1,1911.667224,7.55E-46,2.97E+00,0.06,#####,0.5,0,12952.5584
36,1,1913.298499,1.27E-54,1.60E+01,0.06,#####,0.5,0,17378.022
36,1,1914.282875,4.17E-47,5.79E+00,0.06,#####,0.5,0,13671.6558
36,1,1915.300602,1.89E-52,1.35E+01,0.06,#####,0.5,0,16330.3974
36,1,1915.773145,1.15E-48,8.53E+00,0.06,#####,0.5,0,14475.4397
36,1,1916.11888,1.87E-50,1.11E+01,0.06,#####,0.5,0,15362.264
36,1,1918.240476,3.37E-45,3.00E+00,0.06,#####,0.5,0,12642.5694
36,1,1918.972416,3.44E-54,1.61E+01,0.06,#####,0.5,0,17170.0023
36,1,1920.683202,1.69E-46,5.85E+00,0.06,#####,0.5,0,13382.3375
36,1,1921.161445,5.66E-52,1.36E+01,0.06,#####,0.5,0,16102.2938
36,1,1921.997134,4.21E-48,8.61E+00,0.06,#####,0.5,0,14206.6702
36,1,1922.163061,6.18E-50,1.12E+01,0.06,#####,0.5,0,15113.905
36,1,1924.615422,9.15E-54,1.63E+01,0.06,#####,0.5,0,16965.5579
36,1,1924.78599,1.48E-44,3.03E+00,0.06,#####,0.5,0,12336.1165
36,1,1926.992032,1.66E-51,1.37E+01,0.06,#####,0.5,0,15877.7643
36,1,1927.055178,6.70E-46,5.91E+00,0.06,#####,0.5,0,13096.5696
36,1,1928.177632,2.01E-49,1.13E+01,0.06,#####,0.5,0,14869.1154
36,1,1928.192148,1.51E-47,8.69E+00,0.06,#####,0.5,0,13941.4623
36,1,1930.227396,2.39E-53,1.64E+01,0.06,#####,0.5,0,16764.6963
36,1,1931.303657,6.41E-44,3.06E+00,0.06,#####,0.5,0,12033.2106
36,1,1932.792245,4.80E-51,1.38E+01,0.06,#####,0.5,0,15656.817
36,1,1933.398689,2.61E-45,5.97E+00,0.06,#####,0.5,0,12814.3625
36,1,1934.162474,6.40E-49,1.14E+01,0.06,#####,0.5,0,14627.9041
36,1,1934.35807,5.33E-47,8.78E+00,0.06,#####,0.5,0,13679.8255
36,1,1935.808216,6.14E-53,1.65E+01,0.06,#####,0.5,0,16567.4249
36,1,1937.793361,2.72E-43,3.09E+00,0.06,#####,0.5,0,11733.8624
36,1,1938.561962,1.36E-50,1.40E+01,0.06,#####,0.5,0,15439.46
36,1,1939.71362,1.00E-44,6.03E+00,0.06,#####,0.5,0,12535.7261
36,1,1940.117471,2.00E-48,1.15E+01,0.06,#####,0.5,0,14390.2799
36,1,1940.494785,1.85E-46,8.86E+00,0.06,#####,0.5,0,13421.7693
36,1,1941.35776,1.55E-52,1.67E+01,0.06,#####,0.5,0,16373.7509
36,1,1944.254992,1.13E-42,3.12E+00,0.06,#####,0.5,0,11438.0825
36,1,1944.301065,3.79E-50,1.41E+01,0.06,#####,0.5,0,15225.7013
36,1,1945.999857,3.77E-44,6.08E+00,0.06,#####,0.5,0,12260.6703
36,1,1946.042503,6.17E-48,1.16E+01,0.06,#####,0.5,0,14156.2513
36,1,1946.602176,6.28E-46,8.95E+00,0.06,#####,0.5,0,13167.3028
36,1,1946.875907,3.83E-52,1.68E+01,0.06,#####,0.5,0,16183.6816
36,1,1950.009433,1.04E-49,1.42E+01,0.06,#####,0.5,0,15015.5485
36,1,1950.688435,4.64E-42,3.16E+00,0.06,#####,0.5,0,11145.8812
36,1,1951.937452,1.87E-47,1.17E+01,0.06,#####,0.5,0,13925.8269
36,1,1952.257286,1.40E-43,6.14E+00,0.06,#####,0.5,0,11989.205
36,1,1952.362534,9.32E-52,1.70E+01,0.06,#####,0.5,0,15997.2238
36,1,1952.680126,2.10E-45,9.03E+00,0.06,#####,0.5,0,12916.4353
36,1,1955.686945,2.79E-49,1.43E+01,0.06,#####,0.5,0,14809.0094
36,1,1957.093576,1.87E-41,3.19E+00,0.06,#####,0.5,0,10857.2689
36,1,1957.8022,5.54E-47,1.19E+01,0.06,#####,0.5,0,13699.0148
36,1,1957.817519,2.23E-51,1.71E+01,0.06,#####,0.5,0,15814.3844
36,1,1958.485789,5.08E-43,6.20E+00,0.06,#####,0.5,0,11721.3397
36,1,1958.728518,6.90E-45,9.12E+00,0.06,#####,0.5,0,12669.1756
36,1,1961.333481,7.35E-49,1.45E+01,0.06,#####,0.5,0,14606.0914
36,1,1963.240738,5.22E-51,1.73E+01,0.06,#####,0.5,0,15635.1701
36,1,1963.470303,7.40E-41,3.22E+00,0.06,#####,0.5,0,10572.2558
36,1,1963.636627,1.62E-46,1.20E+01,0.06,#####,0.5,0,13475.8234
36,1,1964.685253,1.81E-42,6.26E+00,0.06,#####,0.5,0,11457.084
36,1,1964.747235,2.23E-44,9.20E+00,0.06,#####,0.5,0,12425.5327
36,1,1966.94892,1.91E-48,1.46E+01,0.06,#####,0.5,0,14406.802
36,1,1968.632069,1.20E-50,1.74E+01,0.06,#####,0.5,0,15459.5876
36,1,1969.440614,4.63E-46,1.21E+01,0.06,#####,0.5,0,13256.2606
36,1,1969.8185,2.87E-40,3.25E+00,0.06,#####,0.5,0,10290.8518
36,1,1970.736158,7.06E-44,9.29E+00,0.06,#####,0.5,0,12185.5152
36,1,1970.855561,6.36E-42,6.32E+00,0.06,#####,0.5,0,11196.4472
36,1,1972.533139,4.85E-48,1.47E+01,0.06,#####,0.5,0,14211.1484
36,1,1973.991388,2.72E-50,1.76E+01,0.06,#####,0.5,0,15287.6431
36,1,1975.214041,1.30E-45,1.22E+01,0.06,#####,0.5,0,13040.3344
36,1,1976.138054,1.10E-39,3.28E+00,0.06,#####,0.5,0,10013.0669
36,1,1976.695171,2.20E-43,9.37E+00,0.06,#####,0.5,0,11949.1317
36,1,1976.996597,2.19E-41,6.38E+00,0.06,#####,0.5,0,10939.4387
36,1,1978.086017,1.21E-47,1.48E+01,0.06,#####,0.5,0,14019.1378
36,1,1979.318571,6.05E-50,1.77E+01,0.06,#####,0.5,0,15119.3432
36,1,1980.956788,3.60E-45,1.23E+01,0.06,#####,0.5,0,12828.0526
36,1,1982.428849,4.11E-39,3.32E+00,0.06,#####,0.5,0,9738.9109
36,1,1982.624155,6.72E-43,9.46E+00,0.06,#####,0.5,0,11716.3907
36,1,1983.108244,7.42E-41,6.44E+00,0.06,#####,0.5,0,10686.0674
36,1,1983.607432,2.98E-47,1.50E+01,0.06,#####,0.5,0,13830.7769
36,1,1984.613494,1.32E-49,1.79E+01,0.06,#####,0.5,0,14954.6938
36,1,1986.668735,9.78E-45,1.24E+01,0.06,#####,0.5,0,12619.4227
36,1,1988.522992,2.02E-42,9.54E+00,0.06,#####,0.5,0,11487.3004
36,1,1988.690771,1.51E-38,3.35E+00,0.06,#####,0.5,0,9468.3932
36,1,1989.097263,7.18E-47,1.51E+01,0.06,#####,0.5,0,13646.0729
36,1,1989.190386,2.47E-40,6.50E+00,0.06,#####,0.5,0,10436.3423
36,1,1989.876032,2.83E-49,1.80E+01,0.06,#####,0.5,0,14793.701
36,1,1992.349762,2.61E-44,1.25E+01,0.06,#####,0.5,0,12414.4523
36,1,1994.391562,5.95E-42,9.63E+00,0.06,#####,0.5,0,11261.8691
36,1,1994.555385,1.70E-46,1.52E+01,0.06,#####,0.5,0,13465.0322
36,1,1994.923705,5.48E-38,3.38E+00,0.06,#####,0.5,0,9201.5235
36,1,1995.106062,5.94E-49,1.82E+01,0.06,#####,0.5,0,14636.3708
36,1,1995.242905,8.06E-40,6.56E+00,0.06,#####,0.5,0,10190.2723
36,1,1997.999747,6.83E-44,1.26E+01,0.06,#####,0.5,0,12213.1487
36,1,1999.981677,3.95E-46,1.54E+01,0.06,#####,0.5,0,13287.6615
36,1,2000.229746,1.72E-41,9.72E+00,0.06,#####,0.5,0,11040.1047
36,1,2000.741076,1.23E-48,1.82E+01,0.06,#####,0.5,0,14481.8104
36,1,2001.127534,1.95E-37,3.41E+00,0.06,#####,0.5,0,8938.3111
36,1,2001.265685,2.58E-39,6.62E+00,0.06,#####,0.5,0,9947.866
36,1,2003.618569,1.75E-43,1.27E+01,0.06,#####,0.5,0,12015.5192
36,1,2005.376015,9.02E-46,1.55E+01,0.06,#####,0.5,0,13113.9671
36,1,2005.926539,2.49E-48,1.84E+01,0.06,#####,0.5,0,14331.934
36,1,2006.037426,4.90E-41,9.80E+00,0.06,#####,0.5,0,10822.0151
36,1,2007.258608,8.14E-39,6.69E+00,0.06,#####,0.5,0,9709.1321
36,1,2007.302143,6.79E-37,3.44E+00,0.06,#####,0.5,0,8678.7652
36,1,2009.206107,4.43E-43,1.28E+01,0.06,#####,0.5,0,11821.5708
36,1,2010.738275,2.02E-45,1.56E+01,0.06,#####,0.5,0,12943.9555
36,1,2011.079194,4.95E-48,1.86E+01,0.06,#####,0.5,0,14185.7314
36,1,2011.814481,1.37E-40,9.89E+00,0.06,#####,0.5,0,10607.6082
36,1,2013.221555,2.52E-38,6.75E+00,0.06,#####,0.5,0,9474.0789
36,1,2013.447416,2.33E-36,3.47E+00,0.06,#####,0.5,0,8422.8949
36,1,2014.762239,1.10E-42,1.29E+01,0.06,#####,0.5,0,11631.3106
36,1,2016.068335,4.44E-45,1.57E+01,0.06,#####,0.5,0,12777.6327
36,1,2016.19886,9.66E-48,1.87E+01,0.06,#####,0.5,0,14043.2081
36,1,2017.560791,3.76E-40,9.98E+00,0.06,#####,0.5,0,10396.8915
36,1,2019.154408,7.64E-38,6.81E+00,0.06,#####,0.5,0,9242.7147
36,1,2019.563236,7.83E-36,3.51E+00,0.06,#####,0.5,0,8170.709
36,1,2020.286843,2.67E-42,1.30E+01,0.06,#####,0.5,0,11444.7453
36,1,2021.285356,1.85E-47,1.89E+01,0.06,#####,0.5,0,13904.3697
36,1,2021.366068,9.59E-45,1.59E+01,0.06,#####,0.5,0,12615.0047
36,1,2023.276237,1.01E-39,1.01E+01,0.06,#####,0.5,0,10189.8724
36,1,2025.05705,2.28E-37,6.87E+00,0.06,#####,0.5,0,9015.0476
36,1,2025.649487,2.59E-35,3.54E+00,0.06,#####,0.5,0,7922.2165
36,1,2025.779798,6.37E-42,1.32E+01,0.06,#####,0.5,0,11261.8817
36,1,2026.338506,3.48E-47,1.90E+01,0.06,#####,0.5,0,13769.2213
36,1,2026.631353,2.03E-44,1.60E+01,0.06,#####,0.5,0,12456.0775
36,1,2028.960697,2.67E-39,1.02E+01,0.06,#####,0.5,0,9986.5585
36,1,2030.92936,6.67E-37,6.93E+00,0.06,#####,0.5,0,8791.0858
36,1,2031.240979,1.49E-41,1.33E+01,0.06,#####,0.5,0,11082.7262
36,1,2031.358131,6.43E-47,1.92E+01,0.06,#####,0.5,0,13637.7681
36,1,2031.706051,8.39E-35,3.57E+00,0.06,#####,0.5,0,7677.426
36,1,2032.047716,4.23E-44,1.61E+01,0.06,#####,0.5,0,12300.0399
36,1,2034.614051,6.94E-39,1.02E+01,0.06,#####,0.5,0,9786.9568
36,1,2036.344057,1.16E-46,1.93E+01,0.06,#####,0.5,0,13510.0151
36,1,2036.670264,3.44E-41,1.34E+01,0.06,#####,0.5,0,10907.2852
36,1,2036.771221,1.92E-36,6.99E+00,0.06,#####,0.5,0,8570.837
36,1,2037.262864,8.63E-44,1.62E+01,0.06,#####,0.5,0,12148.6038
36,1,2037.732811,2.67E-34,3.60E+00,0.06,#####,0.5,0,7436.3461
36,1,2040.236177,1.77E-38,1.03E+01,0.06,#####,0.5,0,9591.0744
36,1,2041.296109,2.07E-46,1.95E+01,0.06,#####,0.5,0,13385.967
36,1,2042.06753,7.77E-41,1.35E+01,0.06,#####,0.5,0,10735.5652
36,1,2042.445459,1.73E-43,1.63E+01,0.06,#####,0.5,0,12000.8812
36,1,2042.582512,5.41E-36,7.05E+00,0.06,#####,0.5,0,8354.309
36,1,2043.72965,8.36E-34,3.64E+00,0.06,#####,0.5,0,7198.985
36,1,2045.826954,4.42E-38,1.04E+01,0.06,#####,0.5,0,9398.9184
36,1,2046.214115,3.61E-46,1.97E+01,0.06,#####,0.5,0,13265.6287
36,1,2047.432654,1.72E-40,1.36E+01,0.06,#####,0.5,0,10567.5721
36,1,2047.59532,3.40E-43,1.65E+01,0.06,#####,0.5,0,11856.8777
36,1,2048.363114,1.50E-35,7.11E+00,0.06,#####,0.5,0,8141.5093
36,1,2049.696449,2.57E-33,3.67E+00,0.06,#####,0.5,0,6965.3512
36,1,2051.097904,6.17E-46,1.98E+01,0.06,#####,0.5,0,13149.0045
36,1,2051.386261,1.08E-37,1.05E+01,0.06,#####,0.5,0,9210.4954
36,1,2052.712266,6.56E-43,1.66E+01,0.06,#####,0.5,0,11716.5987
36,1,2052.765512,3.75E-40,1.37E+01,0.06,#####,0.5,0,10403.312
36,1,2054.112907,4.07E-35,7.17E+00,0.06,#####,0.5,0,7932.4456
36,1,2055.63309,7.73E-33,3.70E+00,0.06,#####,0.5,0,6735.4527
36,1,2055.947306,1.04E-45,2.00E+01,0.06,#####,0.5,0,13036.0991
36,1,2056.913975,2.61E-37,1.06E+01,0.06,#####,0.5,0,9025.8122
36,1,2057.796116,1.24E-42,1.67E+01,0.06,#####,0.5,0,11580.0492
36,1,2058.065979,8.00E-40,1.38E+01,0.06,#####,0.5,0,10242.7908
36,1,2059.831771,1.09E-34,7.23E+00,0.06,#####,0.5,0,7727.125
36,1,2060.762152,1.70E-45,2.01E+01,0.06,#####,0.5,0,12926.9166
36,1,2061.539455,2.29E-32,3.73E+00,0.06,#####,0.5,0,6509.2975
36,1,2062.409974,6.18E-37,1.07E+01,0.06,#####,0.5,0,8844.8753
36,1,2062.846692,2.31E-42,1.69E+01,0.06,#####,0.5,0,11447.2344
36,1,2063.333556,1.68E-39,1.39E+01,0.06,#####,0.5,0,10085.4546
36,1,2065.519584,2.85E-34,7.30E+00,0.06,#####,0.5,0,7525.5549
36,1,2065.542277,2.75E-45,2.03E+01,0.06,#####,0.5,0,12821.4611
36,1,2067.415425,6.65E-32,3.77E+00,0.06,#####,0.5,0,6286.8935
36,1,2067.863818,4.20E-42,1.70E+01,0.06,#####,0.5,0,11318.1593
36,1,2067.874135,1.43E-36,1.08E+01,0.06,#####,0.5,0,8667.691
36,1,2068.578188,3.45E-39,1.40E+01,0.06,#####,0.5,0,9932.4668
36,1,2070.287514,4.35E-45,2.05E+01,0.06,#####,0.5,0,12719.7367
36,1,2071.176227,7.33E-34,7.36E+00,0.06,#####,0.5,0,7327.7422
36,1,2072.847318,7.52E-42,1.71E+01,0.06,#####,0.5,0,11192.8285
36,1,2073.260881,1.89E-31,3.80E+00,0.06,#####,0.5,0,6068.2485
36,1,2073.306336,3.27E-36,1.09E+01,0.06,#####,0.5,0,8494.2658
36,1,2073.790524,6.96E-39,1.41E+01,0.06,#####,0.5,0,9783.2321
36,1,2074.9977,6.76E-45,2.06E+01,0.06,#####,0.5,0,12621.7472
36,1,2076.801578,1.85E-33,7.42E+00,0.06,#####,0.5,0,7133.6938
36,1,2077.797017,1.32E-41,1.73E+01,0.06,#####,0.5,0,11071.2468
36,1,2078.706453,7.30E-36,1.09E+01,0.06,#####,0.5,0,8324.6055
36,1,2078.970381,1.38E-38,1.42E+01,0.06,#####,0.5,0,9637.756
36,1,2079.075703,5.30E-31,3.83E+00,0.06,#####,0.5,0,5853.3699
36,1,2079.672672,1.03E-44,2.08E+01,0.06,#####,0.5,0,12527.4962
36,1,2082.395515,4.58E-33,7.48E+00,0.06,#####,0.5,0,6943.4167
36,1,2082.712744,2.27E-41,1.74E+01,0.06,#####,0.5,0,10953.4187
36,1,2084.074362,1.60E-35,1.10E+01,0.06,#####,0.5,0,8158.7164
36,1,2084.117575,2.68E-38,1.43E+01,0.06,#####,0.5,0,9496.0436
36,1,2084.31227,1.53E-44,2.09E+01,0.06,#####,0.5,0,12436.9874
36,1,2084.859772,1.46E-30,3.87E+00,0.06,#####,0.5,0,5642.2652
36,1,2087.594327,3.83E-41,1.76E+01,0.06,#####,0.5,0,10839.3486
36,1,2087.957918,1.11E-32,7.54E+00,0.06,#####,0.5,0,6756.9174
36,1,2088.916332,2.24E-44,2.11E+01,0.06,#####,0.5,0,12350.2242
36,1,2089.231926,5.10E-38,1.45E+01,0.06,#####,0.5,0,9358.1003
36,1,2089.409941,3.45E-35,1.11E+01,0.06,#####,0.5,0,7996.6042
36,1,2090.612967,3.92E-30,3.90E+00,0.06,#####,0.5,0,5434.9419
36,1,2092.441597,6.33E-41,1.77E+01,0.06,#####,0.5,0,10729.0406
36,1,2093.484703,3.21E-44,2.13E+01,0.06,#####,0.5,0,12267.2098
36,1,2093.488663,2.65E-32,7.60E+00,0.06,#####,0.5,0,6574.2024
36,1,2094.313253,9.54E-38,1.46E+01,0.06,#####,0.5,0,9223.9309
36,1,2094.598596,7.28E-35,1.12E+01,0.06,#####,0.5,0,7838.0833
36,1,2096.335169,1.04E-29,3.93E+00,0.06,#####,0.5,0,5231.407
36,1,2097.254385,1.03E-40,1.78E+01,0.06,#####,0.5,0,10622.4988
36,1,2098.017224,4.51E-44,2.14E+01,0.06,#####,0.5,0,12187.9473
36,1,2098.987628,6.21E-32,7.67E+00,0.06,#####,0.5,0,6395.2781
36,1,2099.361379,1.75E-37,1.47E+01,0.06,#####,0.5,0,9093.5405
36,1,2099.872513,1.51E-34,1.13E+01,0.06,#####,0.5,0,7683.5519
36,1,2102.026257,2.69E-29,3.96E+00,0.06,#####,0.5,0,5031.6676
36,1,2102.032524,1.63E-40,1.80E+01,0.06,#####,0.5,0,10519.7273
36,1,2102.513741,6.19E-44,2.16E+01,0.06,#####,0.5,0,12112.4398
36,1,2104.376126,3.15E-37,1.48E+01,0.06,#####,0.5,0,8966.9336
36,1,2104.454692,1.43E-31,7.73E+00,0.06,#####,0.5,0,6220.1509
36,1,2105.11439,3.06E-34,1.14E+01,0.06,#####,0.5,0,7532.8128
36,1,2106.77585,2.55E-40,1.81E+01,0.06,#####,0.5,0,10420.7297
36,1,2106.974099,8.33E-44,2.18E+01,0.06,#####,0.5,0,12040.6901
36,1,2107.68611,6.86E-29,4.00E+00,0.06,#####,0.5,0,4835.7306
36,1,2109.357319,5.55E-37,1.49E+01,0.06,#####,0.5,0,8844.115
36,1,2109.88973,3.22E-31,7.79E+00,0.06,#####,0.5,0,6048.8267
36,1,2110.324042,6.11E-34,1.15E+01,0.06,#####,0.5,0,7385.8716
36,1,2111.398146,1.10E-43,2.20E+01,0.06,#####,0.5,0,11972.7009
36,1,2111.484198,3.90E-40,1.82E+01,0.06,#####,0.5,0,10325.5098
36,1,2113.314606,1.71E-28,4.03E+00,0.06,#####,0.5,0,4643.6028
36,1,2114.304784,9.60E-37,1.50E+01,0.06,#####,0.5,0,8725.0891
36,1,2115.29262,7.11E-31,7.85E+00,0.06,#####,0.5,0,5881.3115
36,1,2115.501285,1.20E-33,1.16E+01,0.06,#####,0.5,0,7242.7334
36,1,2115.785732,1.42E-43,2.21E+01,0.06,#####,0.5,0,11908.4748
36,1,2116.157406,5.84E-40,1.84E+01,0.06,#####,0.5,0,10234.0711
36,1,2118.911625,4.20E-28,4.06E+00,0.06,#####,0.5,0,4455.2908
36,1,2119.218348,1.63E-36,1.51E+01,0.06,#####,0.5,0,8609.8602
36,1,2120.136706,1.78E-43,2.23E+01,0.06,#####,0.5,0,11848.0141
36,1,2120.645936,2.29E-33,1.16E+01,0.06,#####,0.5,0,7103.4033
36,1,2120.663238,1.54E-30,7.91E+00,0.06,#####,0.5,0,5717.6113
36,1,2120.795312,8.57E-40,1.85E+01,0.06,#####,0.5,0,10146.4169
36,1,2124.097841,2.71E-36,1.53E+01,0.06,#####,0.5,0,8498.4326
36,1,2124.450921,2.20E-43,2.25E+01,0.06,#####,0.5,0,11791.3212
36,1,2124.477045,1.01E-27,4.09E+00,0.06,#####,0.5,0,4270.8011
36,1,2125.397758,1.23E-39,1.87E+01,0.06,#####,0.5,0,10062.5506
36,1,2125.757814,4.31E-33,1.17E+01,0.06,#####,0.5,0,6967.8864
36,1,2125.842836,3.28E-30,7.98E+00,0.06,#####,0.5,0,5557.9549
36,1,2128.72823,2.64E-43,2.27E+01,0.06,#####,0.5,0,11738.3983
36,1,2128.943093,4.42E-36,1.54E+01,0.06,#####,0.5,0,8390.8101
36,1,2129.964584,1.74E-39,1.88E+01,0.06,#####,0.5,0,9982.4752
36,1,2130.010743,2.39E-27,4.13E+00,0.06,#####,0.5,0,4090.1401
36,1,2130.83674,7.96E-33,1.18E+01,0.06,#####,0.5,0,6836.1875
36,1,2131.145837,6.84E-30,8.05E+00,0.06,#####,0.5,0,5401.8877
36,1,2132.968488,3.11E-43,2.29E+01,0.06,#####,0.5,0,11689.2472
36,1,2133.753935,7.07E-36,1.55E+01,0.06,#####,0.5,0,8286.9968
36,1,2134.495635,2.39E-39,1.90E+01,0.06,#####,0.5,0,9906.1936
36,1,2135.512598,5.53E-27,4.16E+00,0.06,#####,0.5,0,3913.3141
36,1,2135.882534,1.44E-32,1.19E+01,0.06,#####,0.5,0,6708.3111
36,1,2136.417055,1.40E-29,8.11E+00,0.06,#####,0.5,0,5249.6521
36,1,2137.17155,3.56E-43,2.32E+01,0.06,#####,0.5,0,11643.8698
36,1,2138.5302,1.11E-35,1.56E+01,0.06,#####,0.5,0,8186.9964
36,1,2138.990754,3.23E-39,1.91E+01,0.06,#####,0.5,0,9833.7087
36,1,2140.895021,2.56E-32,1.20E+01,0.06,#####,0.5,0,6584.262
36,1,2140.982486,1.26E-26,4.19E+00,0.06,#####,0.5,0,3740.3291
36,1,2141.337276,3.97E-43,2.34E+01,0.06,#####,0.5,0,11602.2679
36,1,2141.656303,2.81E-29,8.17E+00,0.06,#####,0.5,0,5101.2534
36,1,2143.271724,1.70E-35,1.57E+01,0.06,#####,0.5,0,8090.8126
36,1,2143.449789,4.27E-39,1.93E+01,0.06,#####,0.5,0,9765.0231
36,1,2145.465523,4.30E-43,2.37E+01,0.06,#####,0.5,0,11564.443
36,1,2145.874024,4.45E-32,1.21E+01,0.06,#####,0.5,0,6464.0445
36,1,2146.420285,2.80E-26,4.23E+00,0.06,#####,0.5,0,3571.191
36,1,2146.863394,5.54E-29,8.23E+00,0.06,#####,0.5,0,4956.6967
36,1,2147.872587,5.53E-39,1.94E+01,0.06,#####,0.5,0,9700.1395
36,1,2147.978342,2.56E-35,1.58E+01,0.06,#####,0.5,0,7998.4488
36,1,2149.556153,4.52E-43,2.40E+01,0.06,#####,0.5,0,11530.3965
36,1,2150.81937,7.59E-32,1.22E+01,0.06,#####,0.5,0,6347.6629
36,1,2151.825871,6.11E-26,4.26E+00,0.06,#####,0.5,0,3405.9058
36,1,2152.038146,1.07E-28,8.29E+00,0.06,#####,0.5,0,4815.9872
36,1,2152.258996,6.99E-39,1.96E+01,0.06,#####,0.5,0,9639.0601
36,1,2152.649892,3.77E-35,1.60E+01,0.06,#####,0.5,0,7909.9083
36,1,2153.609027,4.59E-43,2.44E+01,0.06,#####,0.5,0,11500.1297
36,1,2155.730886,1.27E-31,1.23E+01,0.06,#####,0.5,0,6235.1213
36,1,2156.608868,8.63E-39,1.98E+01,0.06,#####,0.5,0,9581.7873
36,1,2157.066276,1.31E-25,4.31E+00,0.06,#####,0.5,0,3245.098
36,1,2157.180375,2.03E-28,8.36E+00,0.06,#####,0.5,0,4679.1297
36,1,2157.286212,5.45E-35,1.61E+01,0.06,#####,0.5,0,7825.1944
36,1,2157.624009,4.48E-43,2.48E+01,0.06,#####,0.5,0,11473.6438
36,1,2160.608401,2.08E-31,1.24E+01,0.06,#####,0.5,0,6126.4238
36,1,2160.922053,1.04E-38,1.99E+01,0.06,#####,0.5,0,9528.3231
36,1,2161.600964,4.18E-43,2.54E+01,0.06,#####,0.5,0,11450.9398
36,1,2161.887144,7.70E-35,1.62E+01,0.06,#####,0.5,0,7744.3102
36,1,2162.289901,3.76E-28,8.42E+00,0.06,#####,0.5,0,4546.1291
36,1,2162.398162,2.75E-25,4.34E+00,0.06,#####,0.5,0,3087.5031
36,1,2165.198406,1.23E-38,2.01E+01,0.06,#####,0.5,0,9478.6696
36,1,2165.451745,3.34E-31,1.25E+01,0.06,#####,0.5,0,6021.5742
36,1,2165.539758,3.67E-43,2.63E+01,0.06,#####,0.5,0,11432.0184
36,1,2166.452529,1.07E-34,1.63E+01,0.06,#####,0.5,0,7667.2585
36,1,2167.366543,6.85E-28,8.48E+00,0.06,#####,0.5,0,4416.9898
36,1,2167.69852,5.68E-25,4.37E+00,0.06,#####,0.5,0,2933.7788
36,1,2169.437782,1.41E-38,2.03E+01,0.06,#####,0.5,0,9432.8285
36,1,2169.440258,2.97E-43,2.78E+01,0.06,#####,0.5,0,11416.8805
36,1,2170.26075,5.26E-31,1.25E+01,0.06,#####,0.5,0,5920.5762
36,1,2170.98221,1.45E-34,1.65E+01,0.06,#####,0.5,0,7594.0422
36,1,2172.410123,1.22E-27,8.54E+00,0.06,#####,0.5,0,4291.7166
36,1,2172.967163,1.15E-24,4.40E+00,0.06,#####,0.5,0,2783.9302
36,1,2173.302335,2.10E-43,3.10E+01,0.06,#####,0.5,0,11405.5265
36,1,2173.640036,1.57E-38,2.05E+01,0.06,#####,0.5,0,9390.8016
36,1,2175.035249,8.12E-31,1.26E+01,0.06,#####,0.5,0,5823.4334
36,1,2175.476032,1.92E-34,1.66E+01,0.06,#####,0.5,0,7524.664
36,1,2177.125858,1.09E-43,4.68E+01,0.06,#####,0.5,0,11397.957
36,1,2177.420464,2.14E-27,8.61E+00,0.06,#####,0.5,0,4170.3137
36,1,2177.805026,1.71E-38,2.08E+01,0.06,#####,0.5,0,9352.5904
36,1,2178.203904,2.28E-24,4.44E+00,0.06,#####,0.5,0,2637.9625
36,1,2179.775078,1.23E-30,1.27E+01,0.06,#####,0.5,0,5730.1492
36,1,2179.933842,2.49E-34,1.67E+01,0.06,#####,0.5,0,7459.1262
36,1,2181.932612,1.80E-38,2.10E+01,0.06,#####,0.5,0,9318.1963
36,1,2182.397391,3.67E-27,8.67E+00,0.06,#####,0.5,0,4052.7854
36,1,2183.408556,4.43E-24,4.47E+00,0.06,#####,0.5,0,2495.8807
36,1,2184.355486,3.15E-34,1.69E+01,0.06,#####,0.5,0,7397.4313
36,1,2184.480071,1.82E-30,1.28E+01,0.06,#####,0.5,0,5640.7271
36,1,2184.656734,1.11E-43,1.58E+01,0.06,#####,0.5,0,11394.1722
36,1,2186.022654,1.83E-38,2.14E+01,0.06,#####,0.5,0,9287.6205
36,1,2187.34073,6.17E-27,8.74E+00,0.06,#####,0.5,0,3939.1357
36,1,2188.363836,2.19E-43,1.90E+01,0.06,#####,0.5,0,11397.957
36,1,2188.580936,8.43E-24,4.50E+00,0.06,#####,0.5,0,2357.6896
36,1,2188.740814,3.90E-34,1.70E+01,0.06,#####,0.5,0,7339.5816
36,1,2189.150067,2.63E-30,1.29E+01,0.06,#####,0.5,0,5555.1701
36,1,2190.075013,1.79E-38,2.18E+01,0.06,#####,0.5,0,9260.8643
36,1,2192.03188,3.17E-43,2.05E+01,0.06,#####,0.5,0,11405.5265
36,1,2192.250309,1.02E-26,8.80E+00,0.06,#####,0.5,0,3829.3687
36,1,2193.089676,4.72E-34,1.72E+01,0.06,#####,0.5,0,7285.579
36,1,2193.720862,1.58E-23,4.54E+00,0.06,#####,0.5,0,2223.3941
36,1,2193.784904,3.74E-30,1.30E+01,0.06,#####,0.5,0,5473.4812
36,1,2194.089554,1.67E-38,2.23E+01,0.06,#####,0.5,0,9237.9285
36,1,2195.660747,4.01E-43,2.13E+01,0.06,#####,0.5,0,11416.8805
36,1,2197.125955,1.64E-26,8.87E+00,0.06,#####,0.5,0,3723.4881
36,1,2197.401925,5.57E-34,1.73E+01,0.06,#####,0.5,0,7235.4257
36,1,2198.066141,1.47E-38,2.31E+01,0.06,#####,0.5,0,9218.8141
36,1,2198.384423,5.19E-30,1.31E+01,0.06,#####,0.5,0,5395.6635
36,1,2198.828151,2.89E-23,4.57E+00,0.06,#####,0.5,0,2092.9986
36,1,2199.250314,4.66E-43,2.19E+01,0.06,#####,0.5,0,11432.0184
36,1,2201.677413,6.41E-34,1.75E+01,0.06,#####,0.5,0,7189.1233
36,1,2201.9675,2.60E-26,8.93E+00,0.06,#####,0.5,0,3621.4977
36,1,2202.004641,1.19E-38,2.43E+01,0.06,#####,0.5,0,9203.5217
36,1,2202.800463,5.11E-43,2.24E+01,0.06,#####,0.5,0,11450.9398
36,1,2202.948466,7.06E-30,1.32E+01,0.06,#####,0.5,0,5321.7196
36,1,2203.902624,5.18E-23,4.60E+00,0.06,#####,0.5,0,1966.5076
36,1,2205.904921,8.39E-39,2.72E+01,0.06,#####,0.5,0,9192.0519
36,1,2205.915996,7.18E-34,1.77E+01,0.06,#####,0.5,0,7146.6735
36,1,2206.311075,5.35E-43,2.27E+01,0.06,#####,0.5,0,11473.6438
36,1,2206.774775,4.02E-26,9.00E+00,0.06,#####,0.5,0,3523.4009
36,1,2207.476875,9.40E-30,1.33E+01,0.06,#####,0.5,0,5251.6522
36,1,2208.944104,9.12E-23,4.64E+00,0.06,#####,0.5,0,1843.9255
36,1,2209.76685,4.36E-39,4.10E+01,0.06,#####,0.5,0,9184.4052
36,1,2209.782034,5.38E-43,2.30E+01,0.06,#####,0.5,0,11500.1297
36,1,2210.117529,7.81E-34,1.79E+01,0.06,#####,0.5,0,7108.078
36,1,2211.547614,6.11E-26,9.06E+00,0.06,#####,0.5,0,3429.2013
36,1,2211.969497,1.22E-29,1.34E+01,0.06,#####,0.5,0,5185.4637
36,1,2213.213226,5.23E-43,2.33E+01,0.06,#####,0.5,0,11530.3965
36,1,2213.952413,1.57E-22,4.67E+00,0.06,#####,0.5,0,1725.2565
36,1,2214.281871,8.23E-34,1.81E+01,0.06,#####,0.5,0,7073.338
36,1,2216.285851,9.08E-26,9.13E+00,0.06,#####,0.5,0,3338.902
36,1,2216.426176,1.56E-29,1.36E+01,0.06,#####,0.5,0,5123.1565
36,1,2216.604536,4.94E-43,2.35E+01,0.06,#####,0.5,0,11564.443
36,1,2217.375142,4.46E-39,1.38E+01,0.06,#####,0.5,0,9180.5817
36,1,2218.40888,8.39E-34,1.84E+01,0.06,#####,0.5,0,7042.4549
36,1,2218.927375,2.66E-22,4.71E+00,0.06,#####,0.5,0,1610.5045
36,1,2219.955853,4.52E-43,2.37E+01,0.06,#####,0.5,0,11602.2679
36,1,2220.846761,1.93E-29,1.37E+01,0.06,#####,0.5,0,5064.7328
36,1,2220.989321,1.32E-25,9.20E+00,0.06,#####,0.5,0,3252.5063
36,1,2221.12125,8.77E-39,1.67E+01,0.06,#####,0.5,0,9184.4052
36,1,2222.498417,8.21E-34,1.87E+01,0.06,#####,0.5,0,7015.4297
36,1,2223.267066,4.04E-43,2.39E+01,0.06,#####,0.5,0,11643.8698
36,1,2223.868816,4.40E-22,4.74E+00,0.06,#####,0.5,0,1499.6736
36,1,2224.828498,1.27E-38,1.79E+01,0.06,#####,0.5,0,9192.0519
36,1,2225.2311,2.34E-29,1.38E+01,0.06,#####,0.5,0,5010.1947
36,1,2225.657864,1.88E-25,9.27E+00,0.06,#####,0.5,0,3170.0171
36,1,2226.538066,3.51E-43,2.41E+01,0.06,#####,0.5,0,11689.2472
36,1,2226.550344,7.67E-34,1.92E+01,0.06,#####,0.5,0,6992.2635
36,1,2228.496764,1.60E-38,1.87E+01,0.06,#####,0.5,0,9203.5217
36,1,2228.776565,7.14E-22,4.77E+00,0.06,#####,0.5,0,1392.7675
36,1,2229.579044,2.77E-29,1.39E+01,0.06,#####,0.5,0,4959.5441
36,1,2229.768744,2.98E-43,2.43E+01,0.06,#####,0.5,0,11738.3983
36,1,2230.291317,2.63E-25,9.34E+00,0.06,#####,0.5,0,3091.4373
36,1,2230.564524,6.76E-34,1.98E+01,0.06,#####,0.5,0,6972.957
36,1,2232.125924,1.86E-38,1.92E+01,0.06,#####,0.5,0,9218.8141
36,1,2232.958996,2.47E-43,2.44E+01,0.06,#####,0.5,0,11791.3212
36,1,2233.65045,1.14E-21,4.81E+00,0.06,#####,0.5,0,1289.7898
36,1,2233.890445,3.19E-29,1.40E+01,0.06,#####,0.5,0,4912.7828
36,1,2234.540823,5.47E-34,2.09E+01,0.06,#####,0.5,0,6957.5109
36,1,2234.889521,3.59E-25,9.41E+00,0.06,#####,0.5,0,3016.7696
36,1,2235.715859,2.04E-38,1.96E+01,0.06,#####,0.5,0,9237.9285
36,1,2236.108715,2.01E-43,2.46E+01,0.06,#####,0.5,0,11848.0141
36,1,2238.165156,3.58E-29,1.42E+01,0.06,#####,0.5,0,4869.9125
36,1,2238.479107,3.87E-34,2.34E+01,0.06,#####,0.5,0,6945.9259
36,1,2238.490301,1.77E-21,4.84E+00,0.06,#####,0.5,0,1190.7441
36,1,2239.217799,1.59E-43,2.47E+01,0.06,#####,0.5,0,11908.4748
36,1,2239.266448,2.13E-38,1.99E+01,0.06,#####,0.5,0,9260.8643
36,1,2239.452319,4.79E-25,9.48E+00,0.06,#####,0.5,0,2946.0166
36,1,2242.286145,1.23E-43,2.48E+01,0.06,#####,0.5,0,11972.7009
36,1,2242.379243,2.01E-34,3.53E+01,0.06,#####,0.5,0,6938.2024
36,1,2242.403032,3.91E-29,1.44E+01,0.06,#####,0.5,0,4830.9346
36,1,2242.777575,2.14E-38,2.02E+01,0.06,#####,0.5,0,9287.6205
36,1,2243.29595,2.70E-21,4.88E+00,0.06,#####,0.5,0,1095.6338
36,1,2243.979552,6.24E-25,9.56E+00,0.06,#####,0.5,0,2879.1808
36,1,2245.313653,9.37E-44,2.50E+01,0.06,#####,0.5,0,12040.6901
36,1,2246.249123,2.08E-38,2.04E+01,0.06,#####,0.5,0,9318.1963
36,1,2246.60393,4.12E-29,1.45E+01,0.06,#####,0.5,0,4795.8506
36,1,2248.06723,4.02E-21,4.92E+00,0.06,#####,0.5,0,1004.462
36,1,2248.300224,6.97E-44,2.51E+01,0.06,#####,0.5,0,12112.4398
36,1,2248.471066,7.96E-25,9.64E+00,0.06,#####,0.5,0,2816.2645
36,1,2249.680976,1.96E-38,2.06E+01,0.06,#####,0.5,0,9352.5904
36,1,2250.06455,2.06E-34,1.19E+01,0.06,#####,0.5,0,6934.3405
36,1,2250.767706,4.21E-29,1.48E+01,0.06,#####,0.5,0,4764.6617
36,1,2251.24576,5.08E-44,2.52E+01,0.06,#####,0.5,0,12187.9473
36,1,2252.803976,5.88E-21,4.95E+00,0.06,#####,0.5,0,917.2319
36,1,2252.926707,9.92E-25,9.72E+00,0.06,#####,0.5,0,2757.2699
36,1,2253.073022,1.79E-38,2.08E+01,0.06,#####,0.5,0,9390.8016
36,1,2253.849464,4.04E-34,1.43E+01,0.06,#####,0.5,0,6938.2024
36,1,2254.150164,3.62E-44,2.53E+01,0.06,#####,0.5,0,12267.2098
36,1,2254.894221,4.13E-29,1.50E+01,0.06,#####,0.5,0,4737.369
36,1,2256.425147,1.60E-38,2.09E+01,0.06,#####,0.5,0,9432.8285
36,1,2257.013343,2.53E-44,2.55E+01,0.06,#####,0.5,0,12350.2242
36,1,2257.346323,1.21E-24,9.80E+00,0.06,#####,0.5,0,2702.199
36,1,2257.506024,8.41E-21,4.99E+00,0.06,#####,0.5,0,833.9465
36,1,2257.595716,5.85E-34,1.54E+01,0.06,#####,0.5,0,6945.9259
36,1,2258.983334,3.86E-29,1.54E+01,0.06,#####,0.5,0,4713.9734
36,1,2259.737242,1.39E-38,2.11E+01,0.06,#####,0.5,0,9478.6696
36,1,2259.835202,1.74E-44,2.56E+01,0.06,#####,0.5,0,12436.9874
36,1,2261.30318,7.38E-34,1.61E+01,0.06,#####,0.5,0,6957.5109
36,1,2261.729763,1.43E-24,9.89E+00,0.06,#####,0.5,0,2651.0538
36,1,2262.173211,1.18E-20,5.03E+00,0.06,#####,0.5,0,754.6086
36,1,2262.61565,1.17E-44,2.57E+01,0.06,#####,0.5,0,12527.4962
36,1,2263.009198,1.17E-38,2.12E+01,0.06,#####,0.5,0,9528.3231
36,1,2263.034908,3.40E-29,1.59E+01,0.06,#####,0.5,0,4694.4759
36,1,2264.971734,8.58E-34,1.65E+01,0.06,#####,0.5,0,6972.957
36,1,2265.354596,7.67E-45,2.58E+01,0.06,#####,0.5,0,12621.7472
36,1,2266.076876,1.65E-24,9.99E+00,0.06,#####,0.5,0,2603.836
36,1,2266.240906,9.72E-39,2.14E+01,0.06,#####,0.5,0,9581.7873
36,1,2266.805377,1.61E-20,5.06E+00,0.06,#####,0.5,0,679.2209
36,1,2267.048806,2.76E-29,1.68E+01,0.06,#####,0.5,0,4678.877
36,1,2268.051952,4.95E-45,2.59E+01,0.06,#####,0.5,0,12719.7367
36,1,2268.601255,9.38E-34,1.69E+01,0.06,#####,0.5,0,6992.2635
36,1,2269.43226,7.86E-39,2.15E+01,0.06,#####,0.5,0,9639.0601
36,1,2270.387516,1.86E-24,1.01E+01,0.06,#####,0.5,0,2560.5472
36,1,2270.707628,3.14E-45,2.60E+01,0.06,#####,0.5,0,12821.4611
36,1,2271.024893,1.95E-29,1.88E+01,0.06,#####,0.5,0,4667.1773
36,1,2271.402362,2.16E-20,5.10E+00,0.06,#####,0.5,0,607.786
36,1,2272.191622,9.80E-34,1.71E+01,0.06,#####,0.5,0,7015.4297
36,1,2272.583156,6.21E-39,2.16E+01,0.06,#####,0.5,0,9700.1395
36,1,2273.321541,1.95E-45,2.61E+01,0.06,#####,0.5,0,12926.9166
36,1,2274.661535,2.03E-24,1.02E+01,0.06,#####,0.5,0,2521.189
36,1,2274.963035,1.01E-29,2.83E+01,0.06,#####,0.5,0,4659.3773
36,1,2275.69349,4.80E-39,2.18E+01,0.06,#####,0.5,0,9765.0231
36,1,2275.742716,9.83E-34,1.74E+01,0.06,#####,0.5,0,7042.4549
36,1,2275.893604,1.19E-45,2.62E+01,0.06,#####,0.5,0,13036.0991
36,1,2275.964007,2.83E-20,5.14E+00,0.06,#####,0.5,0,540.3063
36,1,2278.423735,7.08E-46,2.63E+01,0.06,#####,0.5,0,13149.0045
36,1,2278.763159,3.64E-39,2.19E+01,0.06,#####,0.5,0,9833.7087
36,1,2278.898789,2.15E-24,1.03E+01,0.06,#####,0.5,0,2485.7628
36,1,2279.25442,9.54E-34,1.76E+01,0.06,#####,0.5,0,7073.338
36,1,2280.490156,3.62E-20,5.18E+00,0.06,#####,0.5,0,476.7841
36,1,2280.911851,4.15E-46,2.64E+01,0.06,#####,0.5,0,13265.6287
36,1,2281.792064,2.69E-39,2.20E+01,0.06,#####,0.5,0,9906.1936
36,1,2282.724957,1.04E-29,9.53E+00,0.06,#####,0.5,0,4655.4773
36,1,2282.726616,8.96E-34,1.77E+01,0.06,#####,0.5,0,7108.078
36,1,2283.099133,2.19E-24,1.05E+01,0.06,#####,0.5,0,2454.2697
36,1,2283.357872,2.39E-46,2.65E+01,0.06,#####,0.5,0,13385.967
36,1,2284.780105,1.96E-39,2.21E+01,0.06,#####,0.5,0,9982.4752
36,1,2284.980654,4.52E-20,5.23E+00,0.06,#####,0.5,0,417.2216
36,1,2285.76172,1.35E-46,2.66E+01,0.06,#####,0.5,0,13510.0151
36,1,2286.15919,8.18E-34,1.79E+01,0.06,#####,0.5,0,7146.6735
36,1,2286.548478,2.04E-29,1.15E+01,0.06,#####,0.5,0,4659.3773
36,1,2287.262425,2.15E-24,1.07E+01,0.06,#####,0.5,0,2426.7108
36,1,2287.727185,1.39E-39,2.22E+01,0.06,#####,0.5,0,10062.5506
36,1,2288.123316,7.45E-47,2.66E+01,0.06,#####,0.5,0,13637.7681
36,1,2289.435346,5.51E-20,5.27E+00,0.06,#####,0.5,0,361.6207
36,1,2289.552028,7.27E-34,1.80E+01,0.06,#####,0.5,0,7189.1233
36,1,2290.333533,2.95E-29,1.24E+01,0.06,#####,0.5,0,4667.1773
36,1,2290.442585,4.05E-47,2.67E+01,0.06,#####,0.5,0,13769.2213
36,1,2290.633207,9.67E-40,2.23E+01,0.06,#####,0.5,0,10146.4169
36,1,2291.388524,2.02E-24,1.10E+01,0.06,#####,0.5,0,2403.0872
36,1,2292.719452,2.16E-47,2.68E+01,0.06,#####,0.5,0,13904.3697
36,1,2292.905019,6.30E-34,1.82E+01,0.06,#####,0.5,0,7235.4257
36,1,2293.498076,6.60E-40,2.24E+01,0.06,#####,0.5,0,10234.0711
36,1,2293.854081,6.55E-20,5.32E+00,0.06,#####,0.5,0,309.9835
36,1,2294.079997,3.72E-29,1.29E+01,0.06,#####,0.5,0,4678.877
36,1,2294.953844,1.13E-47,2.69E+01,0.06,#####,0.5,0,14043.2081
36,1,2295.477291,1.78E-24,1.13E+01,0.06,#####,0.5,0,2383.3995
36,1,2296.218051,5.33E-34,1.83E+01,0.06,#####,0.5,0,7285.579
36,1,2296.3217,4.41E-40,2.25E+01,0.06,#####,0.5,0,10325.5098
36,1,2297.145688,5.80E-48,2.69E+01,0.06,#####,0.5,0,14185.7314
36,1,2297.787744,4.32E-29,1.33E+01,0.06,#####,0.5,0,4694.4759
36,1,2298.236708,7.58E-20,5.37E+00,0.06,#####,0.5,0,262.3115
36,1,2299.103986,2.89E-40,2.26E+01,0.06,#####,0.5,0,10420.7297
36,1,2299.294916,2.92E-48,2.70E+01,0.06,#####,0.5,0,14331.934
36,1,2299.491016,4.40E-34,1.84E+01,0.06,#####,0.5,0,7339.5816
36,1,2299.528588,1.44E-24,1.20E+01,0.06,#####,0.5,0,2367.6486
36,1,2301.401457,1.45E-48,2.71E+01,0.06,#####,0.5,0,14481.8104
36,1,2301.456651,4.72E-29,1.35E+01,0.06,#####,0.5,0,4713.9734
36,1,2301.844844,1.86E-40,2.27E+01,0.06,#####,0.5,0,10519.7273
36,1,2302.583076,8.54E-20,5.43E+00,0.06,#####,0.5,0,218.6066
36,1,2302.723805,3.54E-34,1.85E+01,0.06,#####,0.5,0,7397.4313
36,1,2302.936465,7.03E-49,2.73E+01,0.06,#####,0.5,0,14636.3708
36,1,2303.542279,1.02E-24,1.33E+01,0.06,#####,0.5,0,2355.8349
36,1,2304.544184,1.17E-40,2.28E+01,0.06,#####,0.5,0,10622.4988
36,1,2304.960692,3.35E-49,2.73E+01,0.06,#####,0.5,0,14793.701
36,1,2305.086596,4.92E-29,1.37E+01,0.06,#####,0.5,0,4737.369
36,1,2305.916313,2.79E-34,1.86E+01,0.06,#####,0.5,0,7459.1262
36,1,2306.893038,9.34E-20,5.49E+00,0.06,#####,0.5,0,178.8701
36,1,2306.940743,1.57E-49,2.74E+01,0.06,#####,0.5,0,14954.6938
36,1,2307.20192,7.23E-41,2.29E+01,0.06,#####,0.5,0,10729.0406
36,1,2307.518227,5.31E-25,2.01E+01,0.06,#####,0.5,0,2347.9589
36,1,2308.677457,4.93E-29,1.39E+01,0.06,#####,0.5,0,4764.6617
36,1,2308.876468,7.22E-50,2.75E+01,0.06,#####,0.5,0,15119.3432
36,1,2309.068434,2.15E-34,1.87E+01,0.06,#####,0.5,0,7524.664
36,1,2309.817964,4.38E-41,2.30E+01,0.06,#####,0.5,0,10839.3486
36,1,2310.767716,3.26E-50,2.76E+01,0.06,#####,0.5,0,15287.6431
36,1,2311.166448,9.89E-20,5.56E+00,0.06,#####,0.5,0,143.1034
36,1,2312.180065,1.63E-34,1.88E+01,0.06,#####,0.5,0,7594.0422
36,1,2312.229117,4.78E-29,1.41E+01,0.06,#####,0.5,0,4795.8506
36,1,2312.392233,2.60E-41,2.31E+01,0.06,#####,0.5,0,10953.4187
36,1,2312.614337,1.45E-50,2.77E+01,0.06,#####,0.5,0,15459.5876
36,1,2314.416181,6.29E-51,2.77E+01,0.06,#####,0.5,0,15635.1701
36,1,2314.924642,1.52E-41,2.31E+01,0.06,#####,0.5,0,11071.2468
36,1,2315.251104,1.20E-34,1.89E+01,0.06,#####,0.5,0,7667.2585
36,1,2315.356365,5.43E-25,6.78E+00,0.06,#####,0.5,0,2344.0209
36,1,2315.403159,1.01E-19,5.65E+00,0.06,#####,0.5,0,111.3077
36,1,2315.741456,4.48E-29,1.42E+01,0.06,#####,0.5,0,4830.9346
36,1,2316.173097,2.69E-51,2.78E+01,0.06,#####,0.5,0,15814.3844
36,1,2317.415111,8.67E-42,2.32E+01,0.06,#####,0.5,0,11192.8285
36,1,2317.884932,1.13E-51,2.79E+01,0.06,#####,0.5,0,15997.2238
36,1,2318.28145,8.67E-35,1.90E+01,0.06,#####,0.5,0,7744.3102
36,1,2319.214359,4.09E-29,1.44E+01,0.06,#####,0.5,0,4869.9125
36,1,2319.218292,1.07E-24,8.17E+00,0.06,#####,0.5,0,2347.9589
36,1,2319.551536,4.66E-52,2.79E+01,0.06,#####,0.5,0,16183.6816
36,1,2319.603028,9.95E-20,5.75E+00,0.06,#####,0.5,0,83.4841
36,1,2319.863559,4.86E-42,2.33E+01,0.06,#####,0.5,0,11318.1593
36,1,2321.172757,1.89E-52,2.80E+01,0.06,#####,0.5,0,16373.7509
36,1,2321.271005,6.14E-35,1.91E+01,0.06,#####,0.5,0,7825.1944
36,1,2322.269906,2.67E-42,2.34E+01,0.06,#####,0.5,0,11447.2344
36,1,2322.64771,3.62E-29,1.45E+01,0.06,#####,0.5,0,4912.7828
36,1,2322.748442,7.50E-53,2.80E+01,0.06,#####,0.5,0,16567.4249
36,1,2323.041951,1.54E-24,8.80E+00,0.06,#####,0.5,0,2355.8349
36,1,2323.765914,9.33E-20,5.89E+00,0.06,#####,0.5,0,59.6335
36,1,2324.219671,4.26E-35,1.92E+01,0.06,#####,0.5,0,7909.9083
36,1,2324.278439,2.93E-53,2.81E+01,0.06,#####,0.5,0,16764.6963
36,1,2324.634076,1.44E-42,2.35E+01,0.06,#####,0.5,0,11580.0492
36,1,2325.762595,1.13E-53,2.82E+01,0.06,#####,0.5,0,16965.5579
36,1,2326.041396,3.13E-29,1.46E+01,0.06,#####,0.5,0,4959.5441
36,1,2326.827213,1.95E-24,9.17E+00,0.06,#####,0.5,0,2367.6486
36,1,2326.955991,7.64E-43,2.35E+01,0.06,#####,0.5,0,11716.5987
36,1,2327.127351,2.89E-35,1.93E+01,0.06,#####,0.5,0,7998.4488
36,1,2327.200757,4.25E-54,2.82E+01,0.06,#####,0.5,0,17170.0023
36,1,2327.891675,8.23E-20,6.09E+00,0.06,#####,0.5,0,39.7568
36,1,2328.592772,1.57E-54,2.83E+01,0.06,#####,0.5,0,17378.022
36,1,2329.235578,3.97E-43,2.36E+01,0.06,#####,0.5,0,11856.8777
36,1,2329.395305,2.64E-29,1.47E+01,0.06,#####,0.5,0,5010.1947
36,1,2329.938485,5.73E-55,2.83E+01,0.06,#####,0.5,0,17589.6093
36,1,2329.99395,1.93E-35,1.94E+01,0.06,#####,0.5,0,8090.8126
36,1,2330.573954,2.26E-24,9.43E+00,0.06,#####,0.5,0,2383.3995
36,1,2331.237744,2.05E-55,2.84E+01,0.06,#####,0.5,0,17804.7564
36,1,2331.472764,2.03E-43,2.37E+01,0.06,#####,0.5,0,12000.8812
36,1,2331.980171,6.68E-20,6.43E+00,0.06,#####,0.5,0,23.8547
36,1,2332.490394,7.20E-56,2.84E+01,0.06,#####,0.5,0,18023.4553
36,1,2332.709326,2.17E-29,1.48E+01,0.06,#####,0.5,0,5064.7328
36,1,2332.819376,1.26E-35,1.95E+01,0.06,#####,0.5,0,8186.9964
36,1,2333.667476,1.01E-43,2.37E+01,0.06,#####,0.5,0,12148.6038
36,1,2333.69628,2.49E-56,2.85E+01,0.06,#####,0.5,0,18245.698
36,1,2334.282047,2.46E-24,9.62E+00,0.06,#####,0.5,0,2403.0872
36,1,2334.855248,8.44E-57,2.85E+01,0.06,#####,0.5,0,18471.4762
36,1,2335.603536,8.03E-36,1.96E+01,0.06,#####,0.5,0,8286.9968
36,1,2335.819644,4.98E-44,2.38E+01,0.06,#####,0.5,0,12300.0399
36,1,2335.967142,2.81E-57,2.86E+01,0.06,#####,0.5,0,18700.7816
36,1,2335.98335,1.75E-29,1.49E+01,0.06,#####,0.5,0,5123.1565
36,1,2336.031264,4.73E-20,7.18E+00,0.06,#####,0.5,0,11.9276
36,1,2337.031807,9.22E-58,2.86E+01,0.06,#####,0.5,0,18933.6058
36,1,2337.623531,2.40E-44,2.40E+01,0.06,#####,0.5,0,12456.0775
36,1,2337.951369,2.57E-24,9.77E+00,0.06,#####,0.5,0,2426.7108
36,1,2338.049087,2.97E-58,2.87E+01,0.06,#####,0.5,0,19169.94
36,1,2338.34634,5.04E-36,1.96E+01,0.06,#####,0.5,0,8390.8101
36,1,2339.018826,9.41E-59,2.87E+01,0.06,#####,0.5,0,19409.7755
36,1,2339.21727,1.37E-29,1.50E+01,0.06,#####,0.5,0,5185.4637
36,1,2339.68904,1.14E-44,2.40E+01,0.06,#####,0.5,0,12615.0047
36,1,2339.940868,2.93E-59,2.87E+01,0.06,#####,0.5,0,19653.1034
36,1,2340.044819,2.46E-20,1.08E+01,0.06,#####,0.5,0,3.9759
36,1,2340.815057,8.95E-60,2.88E+01,0.06,#####,0.5,0,19899.9147
36,1,2341.047698,3.09E-36,1.97E+01,0.06,#####,0.5,0,8498.4326
36,1,2341.581799,2.57E-24,9.90E+00,0.06,#####,0.5,0,2454.2697
36,1,2341.641235,2.69E-60,2.88E+01,0.06,#####,0.5,0,20150.2001
36,1,2341.710456,5.28E-45,2.41E+01,0.06,#####,0.5,0,12777.6327
36,1,2341.775258,8.86E-81,2.89E+01,0.06,#####,0.5,0,29931.6178
36,1,2342.410978,1.06E-29,1.50E+01,0.06,#####,0.5,0,5251.6522
36,1,2342.419245,7.96E-61,2.88E+01,0.06,#####,0.5,0,20403.9505
36,1,2342.570003,4.95E-80,2.89E+01,0.06,#####,0.5,0,29575.8235
36,1,2343.14893,2.31E-61,2.89E+01,0.06,#####,0.5,0,20661.1562
36,1,2343.311562,2.72E-79,2.89E+01,0.06,#####,0.5,0,29223.1374
36,1,2343.68763,2.41E-45,2.42E+01,0.06,#####,0.5,0,12943.9555
36,1,2343.707524,1.86E-36,1.98E+01,0.06,#####,0.5,0,8609.8602
36,1,2343.830133,6.61E-62,2.89E+01,0.06,#####,0.5,0,20921.8078
36,1,2344.000102,1.47E-78,2.90E+01,0.06,#####,0.5,0,28873.5731
36,1,2344.462694,1.86E-62,2.89E+01,0.06,#####,0.5,0,21185.8955
36,1,2344.635789,7.86E-78,2.90E+01,0.06,#####,0.5,0,28527.1439
36,1,2345.046456,5.13E-63,2.89E+01,0.06,#####,0.5,0,21453.4094
36,1,2345.173214,2.48E-24,1.00E+01,0.06,#####,0.5,0,2485.7628
36,1,2345.218789,4.13E-77,2.90E+01,0.06,#####,0.5,0,28183.8632
36,1,2345.564371,7.94E-30,1.51E+01,0.06,#####,0.5,0,5321.7196
36,1,2345.58126,1.39E-63,2.90E+01,0.06,#####,0.5,0,21724.3396
36,1,2345.620413,1.08E-45,2.42E+01,0.06,#####,0.5,0,13113.9671
36,1,2345.749267,2.13E-76,2.90E+01,0.06,#####,0.5,0,27843.7442
36,1,2346.066946,3.72E-64,2.90E+01,0.06,#####,0.5,0,21998.6759
36,1,2346.227387,1.09E-75,2.90E+01,0.06,#####,0.5,0,27506.7997
36,1,2346.325731,1.10E-36,1.99E+01,0.06,#####,0.5,0,8725.0891
36,1,2346.503357,9.78E-65,2.90E+01,0.06,#####,0.5,0,22276.408
36,1,2346.653315,5.44E-75,2.90E+01,0.06,#####,0.5,0,27173.0428
36,1,2346.890332,2.53E-65,2.90E+01,0.06,#####,0.5,0,22557.5256
36,1,2347.027216,2.68E-74,2.91E+01,0.06,#####,0.5,0,26842.4861
36,1,2347.227712,6.42E-66,2.90E+01,0.06,#####,0.5,0,22842.0181
36,1,2347.349253,1.30E-73,2.91E+01,0.06,#####,0.5,0,26515.1423
36,1,2347.508655,4.74E-46,2.43E+01,0.06,#####,0.5,0,13287.6615
36,1,2347.515336,1.61E-66,2.90E+01,0.06,#####,0.5,0,23129.8747
36,1,2347.61959,6.23E-73,2.91E+01,0.06,#####,0.5,0,26191.0237
36,1,2347.753045,3.95E-67,2.91E+01,0.06,#####,0.5,0,23421.0847
36,1,2347.838392,2.93E-72,2.91E+01,0.06,#####,0.5,0,25870.1428
36,1,2347.940676,9.55E-68,2.91E+01,0.06,#####,0.5,0,23715.6372
36,1,2347.958773,2.52E-20,3.64E+00,0.06,#####,0.5,0,0
36,1,2348.005821,1.36E-71,2.91E+01,0.06,#####,0.5,0,25552.5118
36,1,2348.07807,2.27E-68,2.91E+01,0.06,#####,0.5,0,24013.5209
36,1,2348.12204,6.19E-71,2.91E+01,0.06,#####,0.5,0,25238.1426
36,1,2348.165065,5.32E-69,2.91E+01,0.06,#####,0.5,0,24314.7248
36,1,2348.187212,2.78E-70,2.91E+01,0.06,#####,0.5,0,24927.0472
36,1,2348.2015,1.22E-69,2.91E+01,0.06,#####,0.5,0,24619.2374
36,1,2348.677344,5.84E-30,1.52E+01,0.06,#####,0.5,0,5395.6635
36,1,2348.725496,2.33E-24,1.01E+01,0.06,#####,0.5,0,2521.189
36,1,2348.902234,6.38E-37,1.99E+01,0.06,#####,0.5,0,8844.115
36,1,2349.352204,2.05E-46,2.44E+01,0.06,#####,0.5,0,13465.0322
36,1,2351.15091,8.67E-47,2.44E+01,0.06,#####,0.5,0,13646.0729
36,1,2351.43695,3.63E-37,2.00E+01,0.06,#####,0.5,0,8966.9336
36,1,2351.749796,4.21E-30,1.53E+01,0.06,#####,0.5,0,5473.4812
36,1,2351.858906,4.95E-20,4.40E+00,0.06,#####,0.5,0,3.9759
36,1,2352.238527,2.12E-24,1.02E+01,0.06,#####,0.5,0,2560.5472
36,1,2352.904622,3.61E-47,2.45E+01,0.06,#####,0.5,0,13830.7769
36,1,2353.929798,2.02E-37,2.01E+01,0.06,#####,0.5,0,9093.5405
36,1,2354.613189,1.47E-47,2.45E+01,0.06,#####,0.5,0,14019.1378
36,1,2354.781626,2.97E-30,1.54E+01,0.06,#####,0.5,0,5555.1701
36,1,2355.712191,1.87E-24,1.03E+01,0.06,#####,0.5,0,2603.836
36,1,2355.720968,7.15E-20,4.73E+00,0.06,#####,0.5,0,11.9276
36,1,2356.276459,5.91E-48,2.46E+01,0.06,#####,0.5,0,14211.1484
36,1,2356.380696,1.11E-37,2.02E+01,0.06,#####,0.5,0,9223.9309
36,1,2357.772735,2.05E-30,1.54E+01,0.06,#####,0.5,0,5640.7271
36,1,2357.89428,2.33E-48,2.46E+01,0.06,#####,0.5,0,14406.802
36,1,2358.789566,5.92E-38,2.02E+01,0.06,#####,0.5,0,9358.1003
36,1,2359.146373,1.62E-24,1.04E+01,0.06,#####,0.5,0,2651.0538
36,1,2359.466501,9.01E-49,2.47E+01,0.06,#####,0.5,0,14606.0914
36,1,2359.54483,9.02E-20,4.93E+00,0.06,#####,0.5,0,23.8547
36,1,2360.723025,1.39E-30,1.55E+01,0.06,#####,0.5,0,5730.1492
36,1,2360.992968,3.43E-49,2.48E+01,0.06,#####,0.5,0,14809.0094
36,1,2361.15633,3.12E-38,2.03E+01,0.06,#####,0.5,0,9496.0436
36,1,2362.473528,1.28E-49,2.48E+01,0.06,#####,0.5,0,15015.5485
36,1,2362.540958,1.36E-24,1.04E+01,0.06,#####,0.5,0,2702.199
36,1,2363.330364,1.05E-19,5.07E+00,0.06,#####,0.5,0,39.7568
36,1,2363.480913,1.61E-38,2.04E+01,0.06,#####,0.5,0,9637.756
36,1,2363.6324,9.19E-31,1.56E+01,0.06,#####,0.5,0,5823.4334
36,1,2363.90803,4.69E-50,2.49E+01,0.06,#####,0.5,0,15225.7013
36,1,2365.296319,1.69E-50,2.49E+01,0.06,#####,0.5,0,15439.46
36,1,2365.763239,8.15E-39,2.04E+01,0.06,#####,0.5,0,9783.2321
36,1,2365.895836,1.12E-24,1.05E+01,0.06,#####,0.5,0,2757.2699
36,1,2366.500765,5.97E-31,1.56E+01,0.06,#####,0.5,0,5920.5762
36,1,2366.638241,5.98E-51,2.49E+01,0.06,#####,0.5,0,15656.817
36,1,2367.077443,1.14E-19,5.17E+00,0.06,#####,0.5,0,59.6335
36,1,2367.933643,2.08E-51,2.50E+01,0.06,#####,0.5,0,15877.7643
36,1,2368.003236,4.05E-39,2.05E+01,0.06,#####,0.5,0,9932.4668
36,1,2369.182371,7.10E-52,2.50E+01,0.06,#####,0.5,0,16102.2938
36,1,2369.210895,8.95E-25,1.06E+01,0.06,#####,0.5,0,2816.2645
36,1,2369.328028,3.80E-31,1.57E+01,0.06,#####,0.5,0,6021.5742
36,1,2370.200831,1.97E-39,2.05E+01,0.06,#####,0.5,0,10085.4546
36,1,2370.384269,2.38E-52,2.51E+01,0.06,#####,0.5,0,16330.3974
36,1,2370.785943,1.19E-19,5.25E+00,0.06,#####,0.5,0,83.4841
36,1,2371.539184,7.85E-53,2.51E+01,0.06,#####,0.5,0,16562.0666
36,1,2372.114095,2.37E-31,1.58E+01,0.06,#####,0.5,0,6126.4238
36,1,2372.21399,9.45E-40,2.07E+01,0.06,#####,0.5,0,10242.7908
36,1,2372.486027,7.01E-25,1.06E+01,0.06,#####,0.5,0,2879.1808
36,1,2372.646959,2.54E-53,2.52E+01,0.06,#####,0.5,0,16797.293
36,1,2373.707441,8.10E-54,2.52E+01,0.06,#####,0.5,0,17036.068
36,1,2374.320708,4.44E-40,2.07E+01,0.06,#####,0.5,0,10403.312
36,1,2374.45574,1.19E-19,5.32E+00,0.06,#####,0.5,0,111.3077
36,1,2374.720472,2.53E-54,2.52E+01,0.06,#####,0.5,0,17278.3829
36,1,2374.858877,1.45E-31,1.58E+01,0.06,#####,0.5,0,6235.1213
36,1,2375.685896,7.79E-55,2.53E+01,0.06,#####,0.5,0,17524.2288
36,1,2375.721123,5.37E-25,1.07E+01,0.06,#####,0.5,0,2946.0166
36,1,2376.383418,2.05E-40,2.08E+01,0.06,#####,0.5,0,10567.5721
36,1,2376.603559,2.35E-55,2.53E+01,0.06,#####,0.5,0,17773.5966
36,1,2377.473302,6.99E-56,2.53E+01,0.06,#####,0.5,0,18026.4772
36,1,2377.562284,8.68E-32,1.59E+01,0.06,#####,0.5,0,6347.6629
36,1,2378.086711,1.15E-19,5.38E+00,0.06,#####,0.5,0,143.1034
36,1,2378.29497,2.04E-56,2.54E+01,0.06,#####,0.5,0,18282.8612
36,1,2378.401971,9.25E-41,2.08E+01,0.06,#####,0.5,0,10735.5652
36,1,2378.916077,4.03E-25,1.08E+01,0.06,#####,0.5,0,3016.7696
36,1,2379.051487,1.39E-76,2.54E+01,0.06,#####,0.5,0,27911.4552
36,1,2379.068404,5.85E-57,2.54E+01,0.06,#####,0.5,0,18542.7394
36,1,2379.793448,1.65E-57,2.54E+01,0.06,#####,0.5,0,18806.102
36,1,2379.799583,7.91E-76,2.55E+01,0.06,#####,0.5,0,27551.8182
36,1,2380.224229,5.10E-32,1.60E+01,0.06,#####,0.5,0,6464.0445
36,1,2380.376217,4.11E-41,2.09E+01,0.06,#####,0.5,0,10907.2852
36,1,2380.469943,4.57E-58,2.54E+01,0.06,#####,0.5,0,19072.9395
36,1,2380.494595,4.43E-75,2.55E+01,0.06,#####,0.5,0,27195.3289
36,1,2381.097733,1.25E-58,2.55E+01,0.06,#####,0.5,0,19343.2419
36,1,2381.136688,2.44E-74,2.55E+01,0.06,#####,0.5,0,26842.0007
36,1,2381.676657,3.34E-59,2.55E+01,0.06,#####,0.5,0,19616.9993
36,1,2381.678736,1.07E-19,5.44E+00,0.06,#####,0.5,0,178.8701
36,1,2381.726029,1.33E-73,2.55E+01,0.06,#####,0.5,0,26491.8471
36,1,2382.070784,2.95E-25,1.08E+01,0.06,#####,0.5,0,3091.4373
36,1,2382.206558,8.80E-60,2.55E+01,0.06,#####,0.5,0,19894.2015
36,1,2382.262782,7.09E-73,2.55E+01,0.06,#####,0.5,0,26144.8811
36,1,2382.306007,1.79E-41,2.09E+01,0.06,#####,0.5,0,11082.7262
36,1,2382.687277,2.28E-60,2.55E+01,0.06,#####,0.5,0,20174.8383
36,1,2382.747113,3.73E-72,2.55E+01,0.06,#####,0.5,0,25801.1161
36,1,2382.844626,2.94E-32,1.60E+01,0.06,#####,0.5,0,6584.262
36,1,2383.118654,5.81E-61,2.55E+01,0.06,#####,0.5,0,20458.8994
36,1,2383.179186,1.93E-71,2.56E+01,0.06,#####,0.5,0,25460.565
36,1,2383.50053,1.45E-61,2.55E+01,0.06,#####,0.5,0,20746.3742
36,1,2383.559166,9.86E-71,2.56E+01,0.06,#####,0.5,0,25123.2406
36,1,2383.832746,3.58E-62,2.56E+01,0.06,#####,0.5,0,21037.252
36,1,2383.887217,4.95E-70,2.56E+01,0.06,#####,0.5,0,24789.1556
36,1,2384.11514,8.68E-63,2.56E+01,0.06,#####,0.5,0,21331.522
36,1,2384.163503,2.45E-69,2.56E+01,0.06,#####,0.5,0,24458.3226
36,1,2384.191189,7.66E-42,2.10E+01,0.06,#####,0.5,0,11261.8817
36,1,2384.347554,2.07E-63,2.56E+01,0.06,#####,0.5,0,21629.1734
36,1,2384.388188,1.19E-68,2.56E+01,0.06,#####,0.5,0,24130.7541
36,1,2384.529825,4.84E-64,2.56E+01,0.06,#####,0.5,0,21930.195
36,1,2384.561434,5.69E-68,2.56E+01,0.06,#####,0.5,0,23806.4623
36,1,2384.661793,1.12E-64,2.56E+01,0.06,#####,0.5,0,22234.5756
36,1,2384.683406,2.68E-67,2.56E+01,0.06,#####,0.5,0,23485.4594
36,1,2384.743297,2.53E-65,2.56E+01,0.06,#####,0.5,0,22542.3039
36,1,2384.754266,1.24E-66,2.56E+01,0.06,#####,0.5,0,23167.7575
36,1,2384.774175,5.65E-66,2.56E+01,0.06,#####,0.5,0,22853.3684
36,1,2385.185141,2.12E-25,1.09E+01,0.06,#####,0.5,0,3170.0171
36,1,2385.231696,9.73E-20,5.48E+00,0.06,#####,0.5,0,218.6066
36,1,2385.423389,1.66E-32,1.61E+01,0.06,#####,0.5,0,6708.3111
36,1,2386.031615,3.22E-42,2.11E+01,0.06,#####,0.5,0,11444.7453
36,1,2387.827132,1.33E-42,2.11E+01,0.06,#####,0.5,0,11631.3106
36,1,2387.960437,9.19E-33,1.61E+01,0.06,#####,0.5,0,6836.1875
36,1,2388.259046,1.49E-25,1.09E+01,0.06,#####,0.5,0,3252.5063
36,1,2388.745472,8.59E-20,5.53E+00,0.06,#####,0.5,0,262.3115
36,1,2389.57759,5.37E-43,2.12E+01,0.06,#####,0.5,0,11821.5708
36,1,2390.455686,4.99E-33,1.62E+01,0.06,#####,0.5,0,6967.8864
36,1,2391.282838,2.14E-43,2.12E+01,0.06,#####,0.5,0,12015.5192
36,1,2391.292399,1.02E-25,1.10E+01,0.06,#####,0.5,0,3338.902
36,1,2392.219949,7.40E-20,5.57E+00,0.06,#####,0.5,0,309.9835
36,1,2392.909057,2.66E-33,1.63E+01,0.06,#####,0.5,0,7103.4033
36,1,2392.942724,8.33E-44,2.13E+01,0.06,#####,0.5,0,12213.1487
36,1,2394.285099,6.90E-26,1.10E+01,0.06,#####,0.5,0,3429.2013
36,1,2394.557097,3.19E-44,2.13E+01,0.06,#####,0.5,0,12414.4523
36,1,2395.32047,1.39E-33,1.63E+01,0.06,#####,0.5,0,7242.7334
36,1,2395.655012,6.21E-20,5.61E+00,0.06,#####,0.5,0,361.6207
36,1,2396.125803,1.20E-44,2.14E+01,0.06,#####,0.5,0,12619.4227
36,1,2397.23705,4.55E-26,1.11E+01,0.06,#####,0.5,0,3523.4009
36,1,2397.64869,4.44E-45,2.14E+01,0.06,#####,0.5,0,12828.0526
36,1,2397.689848,7.13E-34,1.64E+01,0.06,#####,0.5,0,7385.8716
36,1,2399.050546,5.08E-20,5.65E+00,0.06,#####,0.5,0,417.2216
36,1,2399.125607,1.61E-45,2.14E+01,0.06,#####,0.5,0,13040.3344
36,1,2400.017115,3.58E-34,1.64E+01,0.06,#####,0.5,0,7532.8128
36,1,2400.148155,2.94E-26,1.11E+01,0.06,#####,0.5,0,3621.4977
36,1,2400.556399,5.75E-46,2.15E+01,0.06,#####,0.5,0,13256.2606
36,1,2401.940913,2.01E-46,2.15E+01,0.06,#####,0.5,0,13475.8234
36,1,2402.302196,1.77E-34,1.65E+01,0.06,#####,0.5,0,7683.5519
36,1,2402.40644,4.06E-20,5.68E+00,0.06,#####,0.5,0,476.7841
36,1,2403.01832,1.86E-26,1.12E+01,0.06,#####,0.5,0,3723.4881
36,1,2403.278996,6.92E-47,2.16E+01,0.06,#####,0.5,0,13699.0148
36,1,2404.545018,8.56E-35,1.65E+01,0.06,#####,0.5,0,7838.0833
36,1,2404.570493,2.34E-47,2.16E+01,0.06,#####,0.5,0,13925.8269
36,1,2405.722584,3.18E-20,5.72E+00,0.06,#####,0.5,0,540.3063
36,1,2405.815251,7.75E-48,2.16E+01,0.06,#####,0.5,0,14156.2513
36,1,2405.847451,1.16E-26,1.12E+01,0.06,#####,0.5,0,3829.3687
36,1,2406.707842,4.07E-35,1.66E+01,0.06,#####,0.5,0,7996.6042
36,1,2407.013115,2.53E-48,2.17E+01,0.06,#####,0.5,0,14390.2799
36,1,2408.16393,8.09E-49,2.17E+01,0.06,#####,0.5,0,14627.9041
36,1,2408.635455,7.04E-27,1.13E+01,0.06,#####,0.5,0,3939.1357
36,1,2408.855698,1.90E-35,1.66E+01,0.06,#####,0.5,0,8158.7164
36,1,2408.998867,2.43E-20,5.75E+00,0.06,#####,0.5,0,607.786
36,1,2409.26754,2.55E-49,2.17E+01,0.06,#####,0.5,0,14869.1154
36,1,2410.323791,7.87E-50,2.18E+01,0.06,#####,0.5,0,15113.905
36,1,2410.959631,8.66E-36,1.67E+01,0.06,#####,0.5,0,8324.6055
36,1,2411.332527,2.39E-50,2.18E+01,0.06,#####,0.5,0,15362.264
36,1,2411.382244,4.19E-27,1.13E+01,0.06,#####,0.5,0,4052.7854
36,1,2412.235182,1.81E-20,5.78E+00,0.06,#####,0.5,0,679.2209
36,1,2412.293592,7.13E-51,2.18E+01,0.06,#####,0.5,0,15614.1836
36,1,2413.01949,3.89E-36,1.67E+01,0.06,#####,0.5,0,8494.2658
36,1,2413.206829,2.09E-51,2.18E+01,0.06,#####,0.5,0,15869.6544
36,1,2414.072082,6.02E-52,2.19E+01,0.06,#####,0.5,0,16128.6673
36,1,2414.087727,2.45E-27,1.14E+01,0.06,#####,0.5,0,4170.3137
36,1,2414.889194,1.71E-52,2.19E+01,0.06,#####,0.5,0,16391.2128
36,1,2415.035128,1.71E-36,1.68E+01,0.06,#####,0.5,0,8667.691
36,1,2415.431424,1.32E-20,5.81E+00,0.06,#####,0.5,0,754.6086
36,1,2415.658008,4.75E-53,2.19E+01,0.06,#####,0.5,0,16657.2815
36,1,2416.226883,2.52E-72,2.20E+01,0.06,#####,0.5,0,25857.9991
36,1,2416.378366,1.30E-53,2.19E+01,0.06,#####,0.5,0,16926.8635
36,1,2416.751817,1.40E-27,1.14E+01,0.06,#####,0.5,0,4291.7166
36,1,2416.928403,1.46E-71,2.20E+01,0.06,#####,0.5,0,25494.5268
36,1,2417.006394,7.40E-37,1.68E+01,0.06,#####,0.5,0,8844.8753
36,1,2417.050111,3.49E-54,2.20E+01,0.06,#####,0.5,0,17199.9491
36,1,2417.576939,8.33E-71,2.20E+01,0.06,#####,0.5,0,25134.2413
36,1,2417.673085,9.23E-55,2.20E+01,0.06,#####,0.5,0,17476.5284
36,1,2418.172657,4.68E-70,2.20E+01,0.06,#####,0.5,0,24777.1563
36,1,2418.247128,2.40E-55,2.20E+01,0.06,#####,0.5,0,17756.5912
36,1,2418.587487,9.46E-21,5.84E+00,0.06,#####,0.5,0,833.9465
36,1,2418.715723,2.59E-69,2.20E+01,0.06,#####,0.5,0,24423.285
36,1,2418.772083,6.12E-56,2.20E+01,0.06,#####,0.5,0,18040.1273
36,1,2418.933138,3.14E-37,1.69E+01,0.06,#####,0.5,0,9025.8122
36,1,2419.206301,1.41E-68,2.21E+01,0.06,#####,0.5,0,24072.6407
36,1,2419.247791,1.54E-56,2.20E+01,0.06,#####,0.5,0,18327.1264
36,1,2419.374429,7.88E-28,1.14E+01,0.06,#####,0.5,0,4416.9898
36,1,2419.644556,7.54E-68,2.21E+01,0.06,#####,0.5,0,23725.2366
36,1,2419.674092,3.80E-57,2.20E+01,0.06,#####,0.5,0,18617.5779
36,1,2420.030654,3.97E-67,2.21E+01,0.06,#####,0.5,0,23381.0855
36,1,2420.050828,9.21E-58,2.21E+01,0.06,#####,0.5,0,18911.4712
36,1,2420.364757,2.06E-66,2.21E+01,0.06,#####,0.5,0,23040.2002
36,1,2420.377837,2.20E-58,2.21E+01,0.06,#####,0.5,0,19208.7956
36,1,2420.64703,1.05E-65,2.21E+01,0.06,#####,0.5,0,22702.5935
36,1,2420.65496,5.16E-59,2.21E+01,0.06,#####,0.5,0,19509.54
36,1,2420.815211,1.31E-37,1.69E+01,0.06,#####,0.5,0,9210.4954
36,1,2420.877637,5.29E-65,2.21E+01,0.06,#####,0.5,0,22368.2779
36,1,2420.882037,1.19E-59,2.21E+01,0.06,#####,0.5,0,19813.6936
36,1,2421.056741,2.61E-64,2.21E+01,0.06,#####,0.5,0,22037.2659
36,1,2421.058907,2.70E-60,2.21E+01,0.06,#####,0.5,0,20121.245
36,1,2421.184504,1.27E-63,2.21E+01,0.06,#####,0.5,0,21709.5696
36,1,2421.185408,6.04E-61,2.21E+01,0.06,#####,0.5,0,20432.183
36,1,2421.261091,6.08E-63,2.21E+01,0.06,#####,0.5,0,21385.2012
36,1,2421.261381,1.33E-61,2.21E+01,0.06,#####,0.5,0,20746.4961
36,1,2421.286662,2.86E-62,2.21E+01,0.06,#####,0.5,0,21064.1728
36,1,2421.703267,6.62E-21,5.87E+00,0.06,#####,0.5,0,917.2319
36,1,2421.955476,4.34E-28,1.15E+01,0.06,#####,0.5,0,4546.1291
36,1,2422.652462,5.34E-38,1.69E+01,0.06,#####,0.5,0,9398.9184
36,1,2424.44474,2.14E-38,1.70E+01,0.06,#####,0.5,0,9591.0744
36,1,2424.494876,2.34E-28,1.15E+01,0.06,#####,0.5,0,4679.1297
36,1,2424.778662,4.54E-21,5.90E+00,0.06,#####,0.5,0,1004.462
36,1,2426.191894,8.43E-39,1.70E+01,0.06,#####,0.5,0,9786.9568
36,1,2426.992547,1.24E-28,1.16E+01,0.06,#####,0.5,0,4815.9872
36,1,2427.813573,3.04E-21,5.93E+00,0.06,#####,0.5,0,1095.6338
36,1,2427.893774,3.26E-39,1.71E+01,0.06,#####,0.5,0,9986.5585
36,1,2429.448409,6.44E-29,1.16E+01,0.06,#####,0.5,0,4956.6967
36,1,2429.550226,1.24E-39,1.71E+01,0.06,#####,0.5,0,10189.8724
36,1,2430.8079,2.00E-21,5.96E+00,0.06,#####,0.5,0,1190.7441
36,1,2431.1611,4.61E-40,1.71E+01,0.06,#####,0.5,0,10396.8915
36,1,2431.862383,3.28E-29,1.17E+01,0.06,#####,0.5,0,5101.2534
36,1,2432.726243,1.69E-40,1.72E+01,0.06,#####,0.5,0,10607.6082
36,1,2433.761545,1.29E-21,5.98E+00,0.06,#####,0.5,0,1289.7898
36,1,2434.23439,1.64E-29,1.17E+01,0.06,#####,0.5,0,5249.6521
36,1,2434.245503,6.06E-41,1.72E+01,0.06,#####,0.5,0,10822.0151
36,1,2435.718726,2.14E-41,1.73E+01,0.06,#####,0.5,0,11040.1047
36,1,2436.564356,8.02E-30,1.17E+01,0.06,#####,0.5,0,5401.8877
36,1,2436.674412,8.11E-22,6.01E+00,0.06,#####,0.5,0,1392.7675
36,1,2437.145761,7.40E-42,1.73E+01,0.06,#####,0.5,0,11261.8691
36,1,2438.526453,2.52E-42,1.73E+01,0.06,#####,0.5,0,11487.3004
36,1,2438.852205,3.86E-30,1.18E+01,0.06,#####,0.5,0,5557.9549
36,1,2439.546406,5.01E-22,6.03E+00,0.06,#####,0.5,0,1499.6736
36,1,2439.860648,8.41E-43,1.73E+01,0.06,#####,0.5,0,11716.3907
36,1,2441.105087,1.82E-30,1.18E+01,0.06,#####,0.5,0,5717.6113
36,1,2441.148194,2.76E-43,1.74E+01,0.06,#####,0.5,0,11949.1317
36,1,2442.377434,3.03E-22,6.06E+00,0.06,#####,0.5,0,1610.5045
36,1,2442.388935,8.89E-44,1.74E+01,0.06,#####,0.5,0,12185.5152
36,1,2443.294009,8.40E-31,1.18E+01,0.06,#####,0.5,0,5881.3115
36,1,2443.582717,2.81E-44,1.74E+01,0.06,#####,0.5,0,12425.5327
36,1,2444.729386,8.75E-45,1.75E+01,0.06,#####,0.5,0,12669.1756
36,1,2445.167404,1.80E-22,6.08E+00,0.06,#####,0.5,0,1725.2565
36,1,2445.439092,3.81E-31,1.19E+01,0.06,#####,0.5,0,6048.8267
36,1,2445.828786,2.67E-45,1.75E+01,0.06,#####,0.5,0,12916.4353
36,1,2446.880761,8.02E-46,1.75E+01,0.06,#####,0.5,0,13167.3028
36,1,2447.540187,1.70E-31,1.19E+01,0.06,#####,0.5,0,6220.1509
36,1,2447.885156,2.36E-46,1.75E+01,0.06,#####,0.5,0,13421.7693
36,1,2447.916225,1.04E-22,6.11E+00,0.06,#####,0.5,0,1843.9255
36,1,2448.841816,6.84E-47,1.76E+01,0.06,#####,0.5,0,13679.8255
36,1,2449.597145,7.41E-32,1.19E+01,0.06,#####,0.5,0,6395.2781
36,1,2449.750583,1.95E-47,1.76E+01,0.06,#####,0.5,0,13941.4623
36,1,2450.611301,5.44E-48,1.76E+01,0.06,#####,0.5,0,14206.6702
36,1,2450.623809,5.95E-23,6.13E+00,0.06,#####,0.5,0,1966.5076
36,1,2451.423813,1.50E-48,1.76E+01,0.06,#####,0.5,0,14475.4397
36,1,2451.609815,3.18E-32,1.20E+01,0.06,#####,0.5,0,6574.2024
36,1,2452.187962,4.03E-49,1.76E+01,0.06,#####,0.5,0,14747.7612
36,1,2452.903591,1.07E-49,1.76E+01,0.06,#####,0.5,0,15023.6248
36,1,2453.290068,3.32E-23,6.16E+00,0.06,#####,0.5,0,2092.9986
36,1,2453.301448,4.99E-68,1.77E+01,0.06,#####,0.5,0,23771.3433
36,1,2453.570542,2.79E-50,1.77E+01,0.06,#####,0.5,0,15303.0207
36,1,2453.57805,1.34E-32,1.20E+01,0.06,#####,0.5,0,6756.9174
36,1,2453.956463,2.95E-67,1.77E+01,0.06,#####,0.5,0,23404.0426
36,1,2454.188657,7.15E-51,1.77E+01,0.06,#####,0.5,0,15585.9387
36,1,2454.558595,1.71E-66,1.77E+01,0.06,#####,0.5,0,23039.9682
36,1,2454.757777,1.80E-51,1.77E+01,0.06,#####,0.5,0,15872.3686
36,1,2455.108009,9.80E-66,1.77E+01,0.06,#####,0.5,0,22679.1333
36,1,2455.277743,4.46E-52,1.77E+01,0.06,#####,0.5,0,16162.3001
36,1,2455.501699,5.51E-33,1.20E+01,0.06,#####,0.5,0,6943.4167
36,1,2455.604872,5.52E-65,1.77E+01,0.06,#####,0.5,0,22321.5514
36,1,2455.748398,1.09E-52,1.77E+01,0.06,#####,0.5,0,16455.7228
36,1,2455.914915,1.82E-23,6.18E+00,0.06,#####,0.5,0,2223.3941
36,1,2456.049346,3.06E-64,1.77E+01,0.06,#####,0.5,0,21967.2357
36,1,2456.169581,2.59E-53,1.77E+01,0.06,#####,0.5,0,16752.626
36,1,2456.441598,1.67E-63,1.77E+01,0.06,#####,0.5,0,21616.1992
36,1,2456.541133,6.10E-54,1.77E+01,0.06,#####,0.5,0,17052.9989
36,1,2456.781791,8.94E-63,1.78E+01,0.06,#####,0.5,0,21268.4548
36,1,2456.862895,1.41E-54,1.78E+01,0.06,#####,0.5,0,17356.8307
36,1,2457.07009,4.72E-62,1.78E+01,0.06,#####,0.5,0,20924.0154
36,1,2457.134706,3.21E-55,1.78E+01,0.06,#####,0.5,0,17664.1103
36,1,2457.306657,2.45E-61,1.78E+01,0.06,#####,0.5,0,20582.8936
36,1,2457.356406,7.17E-56,1.78E+01,0.06,#####,0.5,0,17974.8266
36,1,2457.380612,2.23E-33,1.20E+01,0.06,#####,0.5,0,7133.6938
36,1,2457.491656,1.25E-60,1.78E+01,0.06,#####,0.5,0,20245.1019
36,1,2457.527834,1.58E-56,1.78E+01,0.06,#####,0.5,0,18288.9683
36,1,2457.62525,6.29E-60,1.78E+01,0.06,#####,0.5,0,19910.6527
36,1,2457.648829,3.41E-57,1.78E+01,0.06,#####,0.5,0,18606.5239
36,1,2457.707602,3.11E-59,1.78E+01,0.06,#####,0.5,0,19579.5583
36,1,2457.719229,7.24E-58,1.78E+01,0.06,#####,0.5,0,18927.482
36,1,2457.738875,1.51E-58,1.78E+01,0.06,#####,0.5,0,19251.8307
36,1,2458.498266,9.75E-24,6.20E+00,0.06,#####,0.5,0,2357.6896
36,1,2459.214638,8.87E-34,1.21E+01,0.06,#####,0.5,0,7327.7422
36,1,2461.003627,3.46E-34,1.21E+01,0.06,#####,0.5,0,7525.5549
36,1,2461.040038,5.13E-24,6.22E+00,0.06,#####,0.5,0,2495.8807
36,1,2462.747428,1.33E-34,1.21E+01,0.06,#####,0.5,0,7727.125
36,1,2463.540148,2.65E-24,6.25E+00,0.06,#####,0.5,0,2637.9625
36,1,2464.445889,4.98E-35,1.22E+01,0.06,#####,0.5,0,7932.4456
36,1,2465.998517,1.34E-24,6.27E+00,0.06,#####,0.5,0,2783.9302
36,1,2466.098859,1.84E-35,1.22E+01,0.06,#####,0.5,0,8141.5093
36,1,2467.706186,6.65E-36,1.22E+01,0.06,#####,0.5,0,8354.309
36,1,2468.415066,6.64E-25,6.29E+00,0.06,#####,0.5,0,2933.7788
36,1,2469.267717,2.37E-36,1.22E+01,0.06,#####,0.5,0,8570.837
36,1,2470.783301,8.26E-37,1.23E+01,0.06,#####,0.5,0,8791.0858
36,1,2470.789716,3.23E-25,6.31E+00,0.06,#####,0.5,0,3087.5031
36,1,2472.252784,2.83E-37,1.23E+01,0.06,#####,0.5,0,9015.0476
36,1,2473.122392,1.54E-25,6.33E+00,0.06,#####,0.5,0,3245.098
36,1,2473.676013,9.52E-38,1.23E+01,0.06,#####,0.5,0,9242.7147
36,1,2475.052836,3.15E-38,1.23E+01,0.06,#####,0.5,0,9474.0789
36,1,2475.405724,7.20E-26,6.33E+00,0.06,#####,0.5,0,3405.9058
36,1,2476.383098,1.02E-38,1.23E+01,0.06,#####,0.5,0,9709.1321
36,1,2477.635642,3.31E-26,6.35E+00,0.06,#####,0.5,0,3571.191
36,1,2477.666645,3.25E-39,1.24E+01,0.06,#####,0.5,0,9947.866
36,1,2478.903323,1.02E-39,1.24E+01,0.06,#####,0.5,0,10190.2723
36,1,2479.821804,1.49E-26,6.37E+00,0.06,#####,0.5,0,3740.3291
36,1,2480.092978,3.13E-40,1.24E+01,0.06,#####,0.5,0,10436.3423
36,1,2481.235454,9.43E-41,1.24E+01,0.06,#####,0.5,0,10686.0674
36,1,2481.964062,6.57E-27,6.39E+00,0.06,#####,0.5,0,3913.3141
36,1,2482.330597,2.80E-41,1.25E+01,0.06,#####,0.5,0,10939.4387
36,1,2483.378252,8.14E-42,1.25E+01,0.06,#####,0.5,0,11196.4472
36,1,2484.062268,2.85E-27,6.40E+00,0.06,#####,0.5,0,4090.1401
36,1,2484.378262,2.33E-42,1.25E+01,0.06,#####,0.5,0,11457.084
36,1,2485.330471,6.54E-43,1.25E+01,0.06,#####,0.5,0,11721.3397
36,1,2486.116272,1.21E-27,6.42E+00,0.06,#####,0.5,0,4270.8011
36,1,2486.234723,1.80E-43,1.25E+01,0.06,#####,0.5,0,11989.205
36,1,2487.090863,4.89E-44,1.25E+01,0.06,#####,0.5,0,12260.6703
36,1,2487.898732,1.30E-44,1.25E+01,0.06,#####,0.5,0,12535.7261
36,1,2488.125926,5.04E-28,6.44E+00,0.06,#####,0.5,0,4455.2908
36,1,2488.658173,3.41E-45,1.26E+01,0.06,#####,0.5,0,12814.3625
36,1,2489.369029,8.77E-46,1.26E+01,0.06,#####,0.5,0,13096.5696
36,1,2490.031143,2.22E-46,1.26E+01,0.06,#####,0.5,0,13382.3375
36,1,2490.091079,2.06E-28,6.46E+00,0.06,#####,0.5,0,4643.6028
36,1,2490.275182,1.03E-63,1.26E+01,0.06,#####,0.5,0,21651.5812
36,1,2490.644357,5.50E-47,1.26E+01,0.06,#####,0.5,0,13671.6558
36,1,2490.883763,6.20E-63,1.26E+01,0.06,#####,0.5,0,21280.4595
36,1,2491.208511,1.34E-47,1.26E+01,0.06,#####,0.5,0,13964.5143
36,1,2491.439562,3.67E-62,1.26E+01,0.06,#####,0.5,0,20912.6031
36,1,2491.723447,3.22E-48,1.26E+01,0.06,#####,0.5,0,14260.9025
36,1,2491.942745,2.14E-61,1.26E+01,0.06,#####,0.5,0,20548.0254
36,1,2492.011582,8.28E-29,6.47E+00,0.06,#####,0.5,0,4835.7306
36,1,2492.189007,7.59E-49,1.26E+01,0.06,#####,0.5,0,14560.8099
36,1,2492.393475,1.23E-60,1.26E+01,0.06,#####,0.5,0,20186.7398
36,1,2492.605031,1.76E-49,1.26E+01,0.06,#####,0.5,0,14864.2256
36,1,2492.791918,6.91E-60,1.26E+01,0.06,#####,0.5,0,19828.7595
36,1,2492.971359,4.01E-50,1.26E+01,0.06,#####,0.5,0,15171.1389
36,1,2493.138238,3.83E-59,1.26E+01,0.06,#####,0.5,0,19474.0974
36,1,2493.287832,8.98E-51,1.26E+01,0.06,#####,0.5,0,15481.5388
36,1,2493.432599,2.09E-58,1.26E+01,0.06,#####,0.5,0,19122.7666
36,1,2493.554291,1.98E-51,1.26E+01,0.06,#####,0.5,0,15795.414
36,1,2493.675164,1.12E-57,1.26E+01,0.06,#####,0.5,0,18774.7796
36,1,2493.770573,4.28E-52,1.26E+01,0.06,#####,0.5,0,16112.7534
36,1,2493.866096,5.93E-57,1.27E+01,0.06,#####,0.5,0,18430.1493
36,1,2493.887285,3.26E-29,6.49E+00,0.06,#####,0.5,0,5031.6676
36,1,2493.936519,9.10E-53,1.26E+01,0.06,#####,0.5,0,16433.5455
36,1,2494.005559,3.08E-56,1.27E+01,0.06,#####,0.5,0,18088.888
36,1,2494.051968,1.90E-53,1.27E+01,0.06,#####,0.5,0,16757.7787
36,1,2494.093715,1.58E-55,1.27E+01,0.06,#####,0.5,0,17751.0082
36,1,2494.116758,3.92E-54,1.27E+01,0.06,#####,0.5,0,17085.4415
36,1,2494.130727,7.92E-55,1.27E+01,0.06,#####,0.5,0,17416.522
36,1,2495.718037,1.26E-29,6.51E+00,0.06,#####,0.5,0,5231.407
36,1,2497.503688,4.78E-30,6.52E+00,0.06,#####,0.5,0,5434.9419
36,1,2499.244086,1.78E-30,6.53E+00,0.06,#####,0.5,0,5642.2652
36,1,2500.93908,6.49E-31,6.55E+00,0.06,#####,0.5,0,5853.3699
36,1,2502.588519,2.33E-31,6.56E+00,0.06,#####,0.5,0,6068.2485
36,1,2504.192251,8.19E-32,6.58E+00,0.06,#####,0.5,0,6286.8935
36,1,2505.750123,2.83E-32,6.59E+00,0.06,#####,0.5,0,6509.2975
36,1,2507.261983,9.60E-33,6.60E+00,0.06,#####,0.5,0,6735.4527
36,1,2508.727678,3.19E-33,6.62E+00,0.06,#####,0.5,0,6965.3512
36,1,2510.147056,1.04E-33,6.63E+00,0.06,#####,0.5,0,7198.985
36,1,2511.519962,3.35E-34,6.64E+00,0.06,#####,0.5,0,7436.3461
36,1,2512.846243,1.05E-34,6.65E+00,0.06,#####,0.5,0,7677.426
36,1,2514.125746,3.26E-35,6.66E+00,0.06,#####,0.5,0,7922.2165
36,1,2515.358315,9.90E-36,6.67E+00,0.06,#####,0.5,0,8170.709
36,1,2516.543797,2.95E-36,6.68E+00,0.06,#####,0.5,0,8422.8949
36,1,2517.682037,8.65E-37,6.69E+00,0.06,#####,0.5,0,8678.7652
36,1,2518.772878,2.49E-37,6.70E+00,0.06,#####,0.5,0,8938.3111
36,1,2519.816167,7.02E-38,6.71E+00,0.06,#####,0.5,0,9201.5235
36,1,2520.811747,1.95E-38,6.72E+00,0.06,#####,0.5,0,9468.3932
36,1,2521.759463,5.31E-39,6.73E+00,0.06,#####,0.5,0,9738.9109
36,1,2522.659157,1.42E-39,6.74E+00,0.06,#####,0.5,0,10013.0669
36,1,2523.510674,3.73E-40,6.74E+00,0.06,#####,0.5,0,10290.8518
36,1,2524.313856,9.64E-41,6.75E+00,0.06,#####,0.5,0,10572.2558
36,1,2525.068547,2.45E-41,6.76E+00,0.06,#####,0.5,0,10857.2689
36,1,2525.774589,6.09E-42,6.76E+00,0.06,#####,0.5,0,11145.8812
36,1,2526.431823,1.49E-42,6.77E+00,0.06,#####,0.5,0,11438.0825
36,1,2527.040093,3.59E-43,6.77E+00,0.06,#####,0.5,0,11733.8624
36,1,2527.148084,1.89E-59,6.79E+00,0.06,#####,0.5,0,19498.8066
36,1,2527.59924,8.49E-44,6.78E+00,0.06,#####,0.5,0,12033.2106
36,1,2527.710303,1.16E-58,6.79E+00,0.06,#####,0.5,0,19123.8709
36,1,2528.109104,1.97E-44,6.79E+00,0.06,#####,0.5,0,12336.1165
36,1,2528.219841,6.97E-58,6.79E+00,0.06,#####,0.5,0,18752.2397
36,1,2528.569528,4.50E-45,6.79E+00,0.06,#####,0.5,0,12642.5694
36,1,2528.676863,4.14E-57,6.80E+00,0.06,#####,0.5,0,18383.9262
36,1,2528.980352,1.01E-45,6.79E+00,0.06,#####,0.5,0,12952.5584
36,1,2529.081534,2.41E-56,6.80E+00,0.06,#####,0.5,0,18018.9439
36,1,2529.341416,2.23E-46,6.80E+00,0.06,#####,0.5,0,13266.0726
36,1,2529.434017,1.39E-55,6.80E+00,0.06,#####,0.5,0,17657.3058
36,1,2529.652561,4.83E-47,6.80E+00,0.06,#####,0.5,0,13583.1008
36,1,2529.734476,7.82E-55,6.80E+00,0.06,#####,0.5,0,17299.025
36,1,2529.913626,1.03E-47,6.80E+00,0.06,#####,0.5,0,13903.6318
36,1,2529.983076,4.35E-54,6.81E+00,0.06,#####,0.5,0,16944.1144
36,1,2530.124452,2.16E-48,6.80E+00,0.06,#####,0.5,0,14227.6543
36,1,2530.179979,2.37E-53,6.81E+00,0.06,#####,0.5,0,16592.5866
36,1,2530.284876,4.44E-49,6.81E+00,0.06,#####,0.5,0,14555.1566
36,1,2530.325348,1.28E-52,6.81E+00,0.06,#####,0.5,0,16244.4543
36,1,2530.39474,8.99E-50,6.81E+00,0.06,#####,0.5,0,14886.1272
36,1,2530.419346,6.74E-52,6.81E+00,0.06,#####,0.5,0,15899.7299
36,1,2530.45388,1.79E-50,6.81E+00,0.06,#####,0.5,0,15220.5543
36,1,2530.462136,3.50E-51,6.81E+00,0.06,#####,0.5,0,15558.4259
