22,2,11.541466,1.06E-36,4.58E-03,0.0663,0.066,0.81,0,0
22,1,11.833113,2.60E-39,6.35E-18,0.0663,0.066,0.81,0,2329.9116
22,1,11.937345,2.29E-34,6.81E-18,0.0663,0.066,0.81,0,0
22,2,19.235348,1.42E-35,4.58E-03,0.0621,0.062,0.79,0,3.8472
22,1,19.721395,1.73E-38,1.05E-16,0.0621,0.062,0.79,0,2333.856
22,1,19.895115,1.53E-33,1.13E-16,0.0621,0.062,0.79,0,3.9792
22,2,26.928585,7.39E-35,4.58E-03,0.0588,0.059,0.78,0,11.5415
22,1,27.608986,1.80E-37,6.27E-16,0.0588,0.059,0.78,0,2341.7447
22,1,27.852196,1.58E-32,6.73E-16,0.0588,0.059,0.78,0,11.9373
22,2,34.620921,2.43E-34,4.58E-03,0.0562,0.056,0.77,0,23.0825
22,1,35.495612,2.95E-37,2.34E-15,0.0562,0.056,0.77,0,2353.5774
22,1,35.808313,2.59E-32,2.51E-15,0.0562,0.056,0.77,0,23.8743
22,2,42.312098,6.06E-34,4.58E-03,0.0542,0.054,0.76,0,38.4701
22,1,43.380995,1.47E-36,6.62E-15,0.0542,0.054,0.76,0,2369.3537
22,1,43.763189,1.29E-31,7.09E-15,0.0542,0.054,0.76,0,39.7895
22,2,50.001858,1.25E-33,4.58E-03,0.0525,0.053,0.76,0,57.7035
22,1,51.26486,1.51E-36,1.57E-14,0.0525,0.052,0.76,0,2389.073
22,1,51.71655,1.33E-31,1.68E-14,0.0525,0.052,0.76,0,59.6826
22,2,57.689944,2.25E-33,4.58E-03,0.0512,0.051,0.75,0,80.7821
22,1,59.146931,5.42E-36,3.26E-14,0.0512,0.051,0.75,0,2412.7347
22,1,59.66812,4.75E-31,3.50E-14,0.0512,0.051,0.75,0,83.5527
22,2,65.376099,3.63E-33,4.58E-03,0.0499,0.05,0.74,0,107.7053
22,1,67.026932,4.35E-36,6.19E-14,0.0499,0.05,0.74,0,2440.3379
22,1,67.617623,3.81E-31,6.64E-14,0.0499,0.05,0.74,0,111.3991
22,2,73.060065,5.36E-33,4.58E-03,0.0488,0.049,0.73,0,138.4721
22,1,74.904588,1.28E-35,1.09E-13,0.0488,0.049,0.73,0,2471.8816
22,1,75.564784,1.12E-30,1.17E-13,0.0488,0.049,0.73,0,143.2209
22,2,80.741584,7.34E-33,4.58E-03,0.0476,0.048,0.71,0,173.0814
22,1,82.779621,8.72E-36,1.82E-13,0.0476,0.048,0.71,0,2507.3648
22,1,83.509328,7.61E-31,1.95E-13,0.0476,0.048,0.71,0,179.0168
22,2,88.4204,9.42E-33,4.57E-03,0.0463,0.046,0.68,0,211.5322
22,1,90.651758,2.23E-35,2.88E-13,0.0463,0.046,0.68,0,2546.7862
22,1,91.450979,1.94E-30,3.09E-13,0.0463,0.046,0.68,0,218.7856
22,2,96.096255,1.14E-32,4.57E-03,0.0448,0.045,0.65,0,253.823
22,1,98.520721,1.35E-35,4.40E-13,0.0448,0.045,0.65,0,2590.1444
22,1,99.389462,1.17E-30,4.72E-13,0.0448,0.045,0.65,0,262.5261
22,2,103.768892,1.32E-32,4.57E-03,0.0433,0.043,0.62,0,299.9526
22,1,106.386236,3.08E-35,6.49E-13,0.0433,0.043,0.62,0,2637.4379
22,1,107.324503,2.68E-30,6.96E-13,0.0433,0.043,0.62,0,310.2366
22,2,111.438055,1.45E-32,4.57E-03,0.0415,0.041,0.57,0,349.9193
22,1,114.248026,1.69E-35,9.31E-13,0.0415,0.042,0.57,0,2688.6651
22,1,115.255825,1.46E-30,9.99E-13,0.0415,0.042,0.57,0,361.9156
22,2,119.103485,1.53E-32,4.57E-03,0.0396,0.04,0.52,0,403.7215
22,1,122.105817,3.54E-35,1.30E-12,0.0396,0.04,0.52,0,2743.8242
22,1,123.183154,3.06E-30,1.40E-12,0.0396,0.04,0.52,0,417.5611
22,2,126.764926,1.56E-32,4.57E-03,0.0375,0.038,0.47,0,461.3573
22,1,129.959333,1.78E-35,1.79E-12,0.0375,0.037,0.47,0,2802.9132
22,1,131.106216,1.54E-30,1.92E-12,0.0375,0.037,0.47,0,477.1714
22,2,134.422122,1.52E-32,4.57E-03,0.0354,0.035,0.41,0,522.8249
22,1,137.808299,3.46E-35,2.40E-12,0.0354,0.035,0.41,0,2865.93
22,1,139.024735,2.97E-30,2.58E-12,0.0354,0.035,0.41,0,540.7443
22,2,142.074815,1.44E-32,4.57E-03,0.0332,0.033,0.34,0,588.1222
22,1,145.65244,1.62E-35,3.18E-12,0.0332,0.033,0.34,0,2932.8725
22,1,146.938437,1.39E-30,3.41E-12,0.0332,0.033,0.34,0,608.2776
22,2,149.722749,1.31E-32,4.56E-03,0.0311,0.031,0.27,0,657.2471
22,1,153.49148,2.93E-35,4.14E-12,0.0311,0.031,0.27,0,3003.7383
22,1,154.847047,2.50E-30,4.44E-12,0.0311,0.031,0.27,0,679.769
22,2,157.365668,1.16E-32,4.56E-03,0.0291,0.029,0.2,0,730.1971
22,1,161.325146,1.29E-35,5.32E-12,0.0291,0.029,0.2,0,3078.5249
22,1,162.750292,1.09E-30,5.71E-12,0.0291,0.029,0.2,0,755.216
22,2,165.003315,9.98E-33,4.56E-03,0.0274,0.027,0.2,0,806.9698
22,1,169.153161,2.19E-35,6.75E-12,0.0274,0.027,0.2,0,3157.2298
22,1,170.647896,1.85E-30,7.25E-12,0.0274,0.027,0.2,0,834.6161
22,2,172.635433,8.32E-33,4.56E-03,0.0273,0.027,0.2,0,887.5627
22,1,176.975252,9.02E-36,8.48E-12,0.0273,0.027,0.2,0,3239.8501
22,1,178.539585,7.62E-31,9.10E-12,0.0273,0.027,0.2,0,917.9663
22,2,180.261768,6.74E-33,4.56E-03,0.0273,0.027,0.2,0,971.9731
22,1,184.791144,1.45E-35,1.05E-11,0.0273,0.027,0.2,0,3326.3829
22,1,186.425086,1.22E-30,1.13E-11,0.0273,0.027,0.2,0,1005.2639
22,2,187.882062,5.32E-33,4.55E-03,0.0273,0.027,0.2,0,1060.1982
22,1,192.600563,5.64E-36,1.30E-11,0.0273,0.027,0.2,0,3416.8253
22,1,194.304125,4.73E-31,1.39E-11,0.0273,0.027,0.2,0,1096.5059
22,2,195.49606,4.08E-33,4.55E-03,0.0273,0.027,0.2,0,1152.2349
22,1,200.403234,8.55E-36,1.59E-11,0.0273,0.027,0.2,0,3511.1741
22,1,202.176428,7.14E-31,1.70E-11,0.0273,0.027,0.2,0,1191.689
22,2,203.103507,3.05E-33,4.55E-03,0.0273,0.027,0.2,0,1248.0802
22,1,208.198883,3.16E-36,1.92E-11,0.0273,0.027,0.2,0,3609.4259
22,1,210.041721,2.63E-31,2.06E-11,0.0273,0.027,0.2,0,1290.81
22,2,210.704146,2.22E-33,4.54E-03,0.0273,0.027,0.2,0,1347.731
22,1,215.987236,4.55E-36,2.31E-11,0.0273,0.027,0.2,0,3711.5773
22,1,217.899732,3.76E-31,2.48E-11,0.0273,0.027,0.2,0,1393.8655
22,2,218.297722,1.58E-33,4.54E-03,0.0273,0.027,0.2,0,1451.1837
22,1,223.768021,1.60E-36,2.76E-11,0.0273,0.027,0.2,0,3817.6248
22,1,225.750187,1.31E-31,2.96E-11,0.0273,0.027,0.2,0,1500.8518
22,2,225.88398,1.10E-33,4.54E-03,0.0273,0.027,0.2,0,1558.4351
22,1,231.540962,2.18E-36,3.27E-11,0.0273,0.027,0.2,0,3927.5645
22,2,233.462666,7.42E-34,4.54E-03,0.0273,0.027,0.2,0,1669.4814
22,1,233.592812,1.79E-31,3.51E-11,0.0273,0.027,0.2,0,1611.7652
22,1,239.305788,7.29E-37,3.86E-11,0.0273,0.027,0.2,0,4041.3928
22,2,241.033523,4.91E-34,4.53E-03,0.0273,0.027,0.2,0,1784.3191
22,1,241.427336,5.94E-32,4.14E-11,0.0273,0.027,0.2,0,1726.6019
22,1,247.062223,9.50E-37,4.53E-11,0.0273,0.027,0.2,0,4159.1055
22,2,248.596298,3.17E-34,4.53E-03,0.0273,0.027,0.2,0,1902.9441
22,1,249.253485,7.71E-32,4.86E-11,0.0273,0.027,0.2,0,1845.358
22,1,254.809997,3.02E-37,5.29E-11,0.0273,0.027,0.2,0,4280.6986
22,2,256.150736,2.00E-34,4.53E-03,0.0273,0.027,0.2,0,2025.3525
22,1,257.070988,2.44E-32,5.67E-11,0.0273,0.027,0.2,0,1968.0293
22,1,262.548835,3.76E-37,6.14E-11,0.0273,0.027,0.2,0,4406.1677
22,2,263.696582,1.23E-34,4.53E-03,0.0273,0.027,0.2,0,2151.5403
22,1,264.879571,3.02E-32,6.59E-11,0.0273,0.027,0.2,0,2094.6115
22,1,270.278465,1.14E-37,7.10E-11,0.0273,0.027,0.2,0,4535.5086
22,2,271.233582,7.44E-35,4.52E-03,0.0273,0.027,0.2,0,2281.5034
22,1,272.678963,9.11E-33,7.62E-11,0.0273,0.027,0.2,0,2225.1003
22,1,277.998614,1.35E-37,8.18E-11,0.0273,0.027,0.2,0,4668.7166
22,2,278.761483,4.39E-35,4.52E-03,0.0273,0.027,0.2,0,2415.2371
22,1,280.468893,1.07E-32,8.77E-11,0.0273,0.027,0.2,0,2359.4911
22,1,285.709011,3.93E-38,9.37E-11,0.0273,0.027,0.2,0,4805.787
22,2,286.280031,2.53E-35,4.52E-03,0.0273,0.027,0.2,0,2552.7368
22,1,288.249088,3.10E-33,1.01E-10,0.0273,0.027,0.2,0,2497.7792
22,1,293.409383,4.46E-38,1.07E-10,0.0273,0.027,0.2,0,4946.7152
22,2,293.788971,1.43E-35,4.51E-03,0.0273,0.027,0.2,0,2693.9985
22,1,296.019276,3.49E-33,1.15E-10,0.0273,0.027,0.2,0,2639.96
22,1,301.099459,1.24E-38,1.22E-10,0.0273,0.027,0.2,0,5091.4961
22,2,301.288052,7.90E-36,4.51E-03,0.0273,0.027,0.2,0,2839.0168
22,1,303.779188,9.63E-34,1.31E-10,0.0273,0.027,0.2,0,2786.0283
22,2,308.777019,4.27E-36,4.50E-03,0.0273,0.027,0.2,0,2987.7874
22,1,308.778967,1.34E-38,1.38E-10,0.0273,0.027,0.2,0,5240.1246
22,1,311.528552,1.04E-33,1.48E-10,0.0273,0.027,0.2,0,2935.9792
22,2,316.255619,2.26E-36,4.50E-03,0.0273,0.027,0.2,0,3140.3049
22,1,316.447635,3.56E-39,1.56E-10,0.0273,0.027,0.2,0,5392.5955
22,1,319.267097,2.74E-34,1.68E-10,0.0273,0.027,0.2,0,3089.8075
22,1,324.105193,3.70E-39,1.76E-10,0.0273,0.027,0.2,0,5548.9035
22,1,326.994553,2.83E-34,1.89E-10,0.0273,0.027,0.2,0,3247.5078
22,1,334.71065,7.14E-35,2.12E-10,0.0273,0.027,0.2,0,3409.0746
22,1,342.415117,7.06E-35,2.38E-10,0.0273,0.027,0.2,0,3574.5023
22,1,350.107686,1.71E-35,2.65E-10,0.0273,0.027,0.2,0,3743.7852
22,1,357.788086,1.62E-35,2.96E-10,0.0273,0.027,0.2,0,3916.9175
22,1,365.456049,3.76E-36,3.29E-10,0.0273,0.027,0.2,0,4093.8929
22,1,373.111305,3.41E-36,3.64E-10,0.0273,0.027,0.2,0,4274.7055
22,1,380.753586,7.59E-37,4.03E-10,0.0273,0.027,0.2,0,4459.349
22,1,388.382623,6.62E-37,4.45E-10,0.0273,0.027,0.2,0,4647.8168
22,1,395.998149,1.41E-37,4.90E-10,0.0273,0.027,0.2,0,4840.1026
22,1,403.599896,1.18E-37,5.38E-10,0.0273,0.027,0.2,0,5036.1995
22,1,411.187596,2.42E-38,5.90E-10,0.0273,0.027,0.2,0,5236.1007
22,1,418.760981,1.95E-38,6.46E-10,0.0273,0.027,0.2,0,5439.7994
22,1,426.319785,3.83E-39,7.06E-10,0.0273,0.027,0.2,0,5647.2883
22,1,433.863742,2.96E-39,7.70E-10,0.0273,0.027,0.2,0,5858.5603
22,1,1881.949441,3.67E-39,2.31E-09,0.0273,0.027,0.2,0,5439.7994
22,1,1891.293418,4.96E-39,2.39E-09,0.0273,0.027,0.2,0,5236.1007
22,1,1900.616119,2.63E-38,2.47E-09,0.0273,0.027,0.2,0,5036.1995
22,1,1909.917291,3.42E-38,2.55E-09,0.0273,0.027,0.2,0,4840.1026
22,1,1919.196678,1.74E-37,2.64E-09,0.0273,0.027,0.2,0,4647.8168
22,1,1928.454026,2.18E-37,2.72E-09,0.0273,0.027,0.2,0,4459.349
22,1,1937.689078,1.07E-36,2.81E-09,0.0273,0.027,0.2,0,4274.7055
22,1,1946.901579,1.29E-36,2.90E-09,0.0273,0.027,0.2,0,4093.8929
22,1,1956.091271,6.08E-36,3.00E-09,0.0273,0.027,0.2,0,3916.9175
22,1,1965.257896,7.05E-36,3.09E-09,0.0273,0.027,0.2,0,3743.7852
22,2,1965.561419,1.33E-36,9.06E-06,0.0273,0.027,0.2,0,3140.3049
22,1,1966.628494,4.22E-39,6.46E-09,0.0273,0.027,0.2,0,5548.9035
22,2,1974.317392,2.77E-36,9.13E-06,0.0273,0.027,0.2,0,2987.7874
22,1,1974.401195,3.20E-35,3.19E-09,0.0273,0.027,0.2,0,3574.5023
22,1,1975.634647,4.49E-39,6.67E-09,0.0273,0.027,0.2,0,5392.5955
22,2,1983.050046,5.67E-36,9.19E-06,0.0273,0.027,0.2,0,2839.0168
22,1,1983.52091,3.57E-35,3.29E-09,0.0273,0.027,0.2,0,3409.0746
22,1,1984.616333,1.88E-38,6.88E-09,0.0273,0.027,0.2,0,5240.1246
22,2,1991.759137,1.14E-35,9.27E-06,0.0273,0.027,0.2,0,2693.9985
22,1,1992.616781,1.56E-34,3.40E-09,0.0273,0.027,0.2,0,3247.5078
22,1,1993.573291,1.92E-38,7.09E-09,0.0273,0.027,0.2,0,5091.4961
22,2,2000.444418,2.25E-35,9.34E-06,0.0273,0.027,0.2,0,2552.7368
22,1,2001.688548,1.67E-34,3.51E-09,0.0273,0.027,0.2,0,3089.8075
22,1,2002.505259,7.71E-38,7.31E-09,0.0273,0.027,0.2,0,4946.7152
22,2,2009.105645,4.36E-35,9.41E-06,0.0273,0.027,0.2,0,2415.2371
22,1,2010.73595,7.02E-34,3.62E-09,0.0273,0.027,0.2,0,2935.9792
22,1,2011.411974,7.59E-38,7.54E-09,0.0273,0.027,0.2,0,4805.787
22,2,2017.742571,8.27E-35,9.48E-06,0.0273,0.027,0.2,0,2281.5034
22,1,2019.758725,7.24E-34,3.73E-09,0.0273,0.027,0.2,0,2786.0283
22,1,2020.293175,2.93E-37,7.78E-09,0.0273,0.027,0.2,0,4668.7166
22,2,2026.35495,1.54E-34,9.56E-06,0.0273,0.027,0.2,0,2151.5403
22,1,2028.756612,2.92E-33,3.85E-09,0.0273,0.027,0.2,0,2639.96
22,1,2029.148597,2.77E-37,8.01E-09,0.0273,0.027,0.2,0,4535.5086
22,2,2034.942534,2.81E-34,9.63E-06,0.0273,0.027,0.2,0,2025.3525
22,1,2037.729348,2.90E-33,3.97E-09,0.0273,0.027,0.2,0,2497.7792
22,1,2037.977976,1.03E-36,8.26E-09,0.0273,0.027,0.2,0,4406.1677
22,2,2043.505077,5.04E-34,9.70E-06,0.0273,0.027,0.2,0,1902.9441
22,1,2046.67667,1.13E-32,4.09E-09,0.0273,0.027,0.2,0,2359.4911
22,1,2046.781048,9.35E-37,8.52E-09,0.0273,0.027,0.2,0,4280.6986
22,2,2052.042329,8.85E-34,9.78E-06,0.0273,0.027,0.2,0,1784.3191
22,1,2055.557548,3.34E-36,8.78E-09,0.0273,0.027,0.2,0,4159.1055
22,1,2055.598315,1.07E-32,4.22E-09,0.0273,0.027,0.2,0,2225.1003
22,2,2060.554043,1.53E-33,9.85E-06,0.0273,0.027,0.2,0,1669.4814
22,1,2064.30721,2.91E-36,9.04E-09,0.0273,0.027,0.2,0,4041.3928
22,1,2064.494018,4.00E-32,4.35E-09,0.0273,0.027,0.2,0,2094.6115
22,2,2069.03997,2.58E-33,9.93E-06,0.0273,0.027,0.2,0,1558.4351
22,1,2073.029769,9.98E-36,9.32E-09,0.0273,0.027,0.2,0,3927.5645
22,1,2073.363515,3.65E-32,4.48E-09,0.0273,0.027,0.2,0,1968.0293
22,2,2077.49986,4.26E-33,1.00E-05,0.0273,0.027,0.2,0,1451.1837
22,1,2080.55754,1.49E-39,1.50E-08,0.0273,0.027,0.2,0,5801.9698
22,1,2081.724958,8.37E-36,9.60E-09,0.0273,0.027,0.2,0,3817.6248
22,1,2082.206541,1.31E-31,4.62E-09,0.0273,0.027,0.2,0,1845.358
22,2,2085.933465,6.92E-33,1.01E-05,0.0273,0.027,0.2,0,1347.731
22,1,2089.073101,1.15E-39,1.54E-08,0.0273,0.027,0.2,0,5708.458
22,1,2090.39251,2.75E-35,9.90E-09,0.0273,0.027,0.2,0,3711.5773
22,1,2091.02283,1.15E-31,4.76E-09,0.0273,0.027,0.2,0,1726.6019
22,2,2094.340533,1.10E-32,1.02E-05,0.0273,0.027,0.2,0,1248.0802
22,1,2097.559855,3.45E-39,1.59E-08,0.0273,0.027,0.2,0,5618.8177
22,1,2099.032157,2.22E-35,1.02E-08,0.0273,0.027,0.2,0,3609.4259
22,1,2099.812117,3.96E-31,4.90E-09,0.0273,0.027,0.2,0,1611.7652
22,2,2102.720814,1.72E-32,1.02E-05,0.0273,0.027,0.2,0,1152.2349
22,1,2106.01753,2.55E-39,1.64E-08,0.0273,0.027,0.2,0,5533.052
22,1,2107.643632,6.99E-35,1.05E-08,0.0273,0.027,0.2,0,3511.1741
22,1,2108.574134,3.34E-31,5.05E-09,0.0273,0.027,0.2,0,1500.8518
22,2,2111.074058,2.62E-32,1.03E-05,0.0273,0.027,0.2,0,1060.1982
22,1,2114.445859,7.36E-39,1.69E-08,0.0274,0.027,0.2,0,5451.1639
22,1,2116.226667,5.40E-35,1.08E-08,0.0273,0.027,0.2,0,3416.8253
22,1,2117.308615,1.10E-30,5.21E-09,0.0273,0.027,0.2,0,1393.8655
22,2,2119.400013,3.92E-32,1.04E-05,0.0273,0.027,0.2,0,971.9731
22,1,2122.844571,5.20E-39,1.74E-08,0.0291,0.029,0.2,0,5373.1564
22,1,2124.780993,1.63E-34,1.12E-08,0.0273,0.027,0.2,0,3326.3829
22,1,2126.015293,8.91E-31,5.36E-09,0.0273,0.027,0.2,0,1290.81
22,2,2127.698428,5.74E-32,1.05E-05,0.0273,0.027,0.2,0,887.5627
22,1,2131.213395,1.44E-38,1.79E-08,0.0311,0.031,0.27,0,5299.0322
22,1,2133.306341,1.21E-34,1.15E-08,0.0273,0.027,0.2,0,3239.8501
22,1,2134.693899,2.82E-30,5.53E-09,0.0273,0.027,0.2,0,1191.689
22,2,2135.96905,8.23E-32,1.06E-05,0.0274,0.027,0.2,0,806.9698
22,1,2139.552061,9.72E-39,1.85E-08,0.0332,0.033,0.34,0,5228.794
22,1,2141.802441,3.51E-34,1.18E-08,0.0274,0.027,0.2,0,3157.2298
22,1,2143.344166,2.19E-30,5.69E-09,0.0273,0.027,0.2,0,1096.5059
22,2,2144.211628,1.16E-31,1.06E-05,0.0291,0.029,0.2,0,730.1971
22,1,2147.860298,2.57E-38,1.90E-08,0.0354,0.035,0.41,0,5162.4441
22,1,2150.269023,2.49E-34,1.22E-08,0.0291,0.029,0.2,0,3078.5249
22,1,2151.965824,6.65E-30,5.87E-09,0.0273,0.027,0.2,0,1005.2639
22,2,2152.425908,1.59E-31,1.07E-05,0.0311,0.031,0.27,0,657.2471
22,1,2156.137833,1.66E-38,1.97E-08,0.0375,0.037,0.47,0,5099.985
22,1,2158.705818,6.89E-34,1.26E-08,0.0311,0.031,0.27,0,3003.7383
22,1,2160.558605,4.94E-30,6.05E-09,0.0273,0.027,0.2,0,917.9663
22,2,2160.611637,2.14E-31,1.08E-05,0.0332,0.033,0.34,0,588.1222
22,1,2164.384394,4.18E-38,2.03E-08,0.0396,0.04,0.52,0,5041.419
22,1,2167.112553,4.68E-34,1.30E-08,0.0332,0.033,0.34,0,2932.8725
22,2,2168.768563,2.81E-31,1.09E-05,0.0354,0.035,0.41,0,522.8249
22,1,2169.12224,1.44E-29,6.23E-09,0.0274,0.027,0.2,0,834.6161
22,1,2172.59971,2.57E-38,2.10E-08,0.0415,0.042,0.57,0,4986.7479
22,1,2175.488959,1.24E-33,1.34E-08,0.0354,0.035,0.41,0,2865.93
22,2,2176.896431,3.61E-31,1.10E-05,0.0375,0.038,0.47,0,461.3573
22,1,2177.656457,1.02E-29,6.42E-09,0.0291,0.029,0.2,0,755.216
22,1,2180.783508,6.17E-38,2.17E-08,0.0433,0.043,0.62,0,4935.9739
22,1,2183.834763,8.03E-34,1.38E-08,0.0375,0.037,0.47,0,2802.9132
22,2,2184.994988,4.53E-31,1.10E-05,0.0396,0.04,0.52,0,403.7215
22,1,2186.160988,2.85E-29,6.62E-09,0.0311,0.031,0.27,0,679.769
22,1,2188.935514,3.61E-38,2.24E-08,0.0448,0.045,0.65,0,4889.0986
22,1,2192.149695,2.03E-33,1.43E-08,0.0396,0.04,0.52,0,2743.8242
22,2,2193.063979,5.55E-31,1.11E-05,0.0415,0.041,0.57,0,349.9193
22,1,2194.635561,1.94E-29,6.82E-09,0.0332,0.033,0.34,0,608.2776
22,1,2197.055455,8.18E-38,2.33E-08,0.0463,0.046,0.68,0,4846.1238
22,1,2200.433481,1.25E-33,1.47E-08,0.0415,0.042,0.57,0,2688.6651
22,2,2201.10315,6.63E-31,1.12E-05,0.0433,0.043,0.62,0,299.9526
22,1,2203.079906,5.15E-29,7.04E-09,0.0354,0.035,0.41,0,540.7443
22,1,2205.143057,4.51E-38,2.42E-08,0.0476,0.048,0.71,0,4807.0509
22,1,2208.685849,3.01E-33,1.52E-08,0.0433,0.043,0.62,0,2637.4379
22,2,2209.112246,7.72E-31,1.13E-05,0.0448,0.045,0.65,0,253.823
22,1,2211.493751,3.35E-29,7.27E-09,0.0375,0.037,0.47,0,477.1714
22,1,2213.198046,9.60E-38,2.53E-08,0.0488,0.049,0.73,0,4771.8814
22,1,2216.906527,1.76E-33,1.58E-08,0.0448,0.045,0.65,0,2590.1444
22,2,2217.091012,8.72E-31,1.14E-05,0.0463,0.046,0.68,0,211.5322
22,1,2219.876825,8.48E-29,7.50E-09,0.0396,0.04,0.52,0,417.5611
22,1,2221.220147,4.93E-38,2.65E-08,0.0499,0.05,0.74,0,4740.6165
22,2,2225.039191,9.58E-31,1.15E-05,0.0476,0.048,0.71,0,173.0814
22,1,2225.095241,4.01E-33,1.64E-08,0.0463,0.046,0.68,0,2546.7862
22,1,2228.228855,5.24E-29,7.75E-09,0.0415,0.042,0.57,0,361.9156
22,1,2229.209086,9.67E-38,2.80E-08,0.0512,0.051,0.75,0,4713.2573
22,2,2232.95653,1.02E-30,1.16E-05,0.0488,0.049,0.73,0,138.4721
22,1,2233.251717,2.21E-33,1.70E-08,0.0476,0.048,0.71,0,2507.3648
22,1,2236.54957,1.26E-28,8.01E-09,0.0433,0.043,0.62,0,310.2366
22,1,2237.164588,4.50E-38,3.01E-08,0.0525,0.052,0.76,0,4689.8047
22,2,2240.842771,1.04E-30,1.16E-05,0.0499,0.05,0.74,0,107.7053
22,1,2241.375683,4.71E-33,1.77E-08,0.0488,0.049,0.73,0,2471.8816
22,1,2244.838696,7.41E-29,8.30E-09,0.0448,0.045,0.65,0,262.5261
22,1,2245.086377,7.77E-38,3.34E-08,0.0542,0.054,0.76,0,4670.2596
22,2,2248.697658,1.02E-30,1.17E-05,0.0512,0.051,0.75,0,80.7821
22,1,2249.466863,2.42E-33,1.86E-08,0.0499,0.05,0.74,0,2440.3379
22,1,2252.974178,2.99E-38,3.99E-08,0.0562,0.056,0.77,0,4654.6228
22,1,2253.095961,1.69E-28,8.61E-09,0.0463,0.046,0.68,0,218.7856
22,2,2256.520935,9.46E-31,1.18E-05,0.0525,0.053,0.76,0,57.7035
22,1,2257.524983,4.76E-33,1.97E-08,0.0512,0.051,0.75,0,2412.7347
22,1,2260.827714,3.58E-38,6.81E-08,0.0588,0.059,0.78,0,4642.8946
22,1,2261.321091,9.33E-29,8.95E-09,0.0476,0.048,0.71,0,179.0168
22,1,2262.065563,1.60E-39,1.74E-08,0.02,0.02,0.2,0,5801.9698
22,1,2262.905123,1.21E-39,1.74E-08,0.0214,0.021,0.2,0,5708.458
22,1,2263.709651,3.58E-39,1.74E-08,0.023,0.023,0.2,0,5618.8177
22,2,2264.236109,1.90E-36,1.24E-05,0.02,0.02,0.2,0,3140.3049
22,2,2264.312346,8.16E-31,1.19E-05,0.0542,0.054,0.76,0,38.4701
22,1,2264.479154,2.59E-39,1.75E-08,0.025,0.025,0.2,0,5533.052
22,1,2265.213638,7.37E-39,1.75E-08,0.0273,0.027,0.2,0,5451.1639
22,1,2265.549769,2.22E-33,2.12E-08,0.0525,0.052,0.76,0,2389.073
22,2,2265.559389,3.89E-36,1.24E-05,0.02,0.02,0.2,0,2987.7874
22,1,2265.913109,5.13E-39,1.75E-08,0.0299,0.03,0.2,0,5373.1564
22,1,2266.577573,1.40E-38,1.75E-08,0.0327,0.033,0.27,0,5299.0322
22,2,2266.84947,7.81E-36,1.24E-05,0.02,0.02,0.2,0,2839.0168
22,1,2267.207035,9.29E-39,1.76E-08,0.0332,0.033,0.34,0,5228.794
22,1,2267.801499,2.42E-38,1.76E-08,0.0339,0.034,0.41,0,5162.4441
22,2,2268.106364,1.54E-35,1.24E-05,0.02,0.02,0.2,0,2693.9985
22,1,2268.360971,1.54E-38,1.76E-08,0.033,0.033,0.47,0,5099.985
22,1,2268.885455,3.84E-38,1.76E-08,0.0357,0.036,0.52,0,5041.419
22,2,2269.330077,2.98E-35,1.24E-05,0.02,0.02,0.2,0,2552.7368
22,1,2269.374956,2.33E-38,1.77E-08,0.0356,0.036,0.57,0,4986.7479
22,1,2269.513814,1.99E-28,9.34E-09,0.0488,0.049,0.73,0,143.2209
22,1,2269.750311,1.32E-39,1.18E-08,0.02,0.02,0.2,0,5873.0087
22,1,2269.829476,5.54E-38,1.77E-08,0.0374,0.037,0.62,0,4935.9739
22,1,2270.249019,3.20E-38,1.77E-08,0.0432,0.043,0.65,0,4889.0986
22,2,2270.52062,5.67E-35,1.24E-05,0.02,0.02,0.2,0,2415.2371
22,1,2270.633589,7.22E-38,1.77E-08,0.0466,0.047,0.68,0,4846.1238
22,1,2270.983189,3.95E-38,1.78E-08,0.0472,0.047,0.71,0,4807.0509
22,1,2271.217207,1.43E-39,1.18E-08,0.02,0.02,0.2,0,5709.0431
22,1,2271.297821,8.42E-38,1.78E-08,0.0469,0.047,0.73,0,4771.8814
22,1,2271.577488,4.34E-38,1.79E-08,0.0476,0.048,0.74,0,4740.6165
22,2,2271.678001,1.06E-34,1.24E-05,0.02,0.02,0.2,0,2281.5034
22,1,2271.822191,8.63E-38,1.80E-08,0.0469,0.047,0.75,0,4713.2573
22,1,2272.031934,4.12E-38,1.81E-08,0.0477,0.048,0.76,0,4689.8047
22,2,2272.071633,6.27E-31,1.20E-05,0.0562,0.056,0.77,0,23.0825
22,1,2272.206717,7.51E-38,1.84E-08,0.049,0.049,0.76,0,4670.2596
22,1,2272.346542,3.24E-38,1.89E-08,0.0509,0.051,0.77,0,4654.6228
22,1,2272.45141,5.25E-38,2.02E-08,0.0535,0.053,0.78,0,4642.8946
22,1,2272.521321,2.29E-38,2.83E-08,0.0567,0.057,0.79,0,4635.0756
22,1,2272.649023,6.10E-39,1.19E-08,0.02,0.02,0.2,0,5548.9035
22,2,2272.802227,1.93E-34,1.23E-05,0.02,0.02,0.2,0,2151.5403
22,1,2273.540946,3.83E-33,2.34E-08,0.0542,0.054,0.76,0,2369.3537
22,2,2273.893307,3.46E-34,1.23E-05,0.02,0.02,0.2,0,2025.3525
22,1,2274.04577,6.37E-39,1.19E-08,0.02,0.02,0.2,0,5392.5955
22,2,2274.951248,6.09E-34,1.23E-05,0.02,0.02,0.2,0,1902.9441
22,1,2275.407461,2.61E-38,1.19E-08,0.02,0.02,0.2,0,5240.1246
22,2,2275.976057,1.05E-33,1.23E-05,0.02,0.02,0.2,0,1784.3191
22,1,2276.734106,2.62E-38,1.19E-08,0.02,0.02,0.2,0,5091.4961
22,2,2276.967742,1.78E-33,1.23E-05,0.02,0.02,0.2,0,1669.4814
22,1,2277.673854,1.03E-28,9.80E-09,0.0499,0.05,0.74,0,111.3991
22,2,2277.926309,2.95E-33,1.23E-05,0.02,0.02,0.2,0,1558.4351
22,1,2278.025716,1.03E-37,1.20E-08,0.02,0.02,0.2,0,4946.7152
22,2,2278.851765,4.79E-33,1.23E-05,0.02,0.02,0.2,0,1451.1837
22,1,2279.282302,9.96E-38,1.20E-08,0.02,0.02,0.2,0,4805.787
22,2,2279.744116,7.64E-33,1.23E-05,0.02,0.02,0.2,0,1347.731
22,2,2279.798539,3.75E-31,1.21E-05,0.0588,0.059,0.78,0,11.5415
22,1,2280.112167,1.26E-39,6.04E-09,0.02,0.02,0.2,0,5647.2883
22,1,2280.503873,3.77E-37,1.20E-08,0.02,0.02,0.2,0,4668.7166
22,2,2280.603367,1.20E-32,1.23E-05,0.02,0.02,0.2,0,1248.0802
22,2,2281.429525,1.83E-32,1.23E-05,0.02,0.02,0.2,0,1152.2349
22,1,2281.498238,1.47E-33,2.80E-08,0.0562,0.056,0.77,0,2353.5774
22,1,2281.690439,3.50E-37,1.20E-08,0.02,0.02,0.2,0,4535.5086
22,1,2281.959652,6.81E-39,6.06E-09,0.02,0.02,0.2,0,5439.7994
22,2,2282.222595,2.75E-32,1.23E-05,0.0214,0.021,0.2,0,1060.1982
22,1,2282.842009,1.28E-36,1.21E-08,0.02,0.02,0.2,0,4406.1677
22,2,2282.982582,4.04E-32,1.23E-05,0.023,0.023,0.2,0,971.9731
22,2,2283.709492,5.83E-32,1.23E-05,0.025,0.025,0.2,0,887.5627
22,1,2283.772036,9.00E-39,6.07E-09,0.02,0.02,0.2,0,5236.1007
22,1,2283.958593,1.14E-36,1.21E-08,0.02,0.02,0.2,0,4280.6986
22,1,2284.179972,3.99E-38,1.47E-08,0.0663,0.066,0.81,0,4631.1661
22,2,2284.403328,8.23E-32,1.23E-05,0.0273,0.027,0.2,0,806.9698
22,1,2285.040199,3.99E-36,1.21E-08,0.02,0.02,0.2,0,4159.1055
22,2,2285.064096,1.14E-31,1.23E-05,0.0299,0.03,0.2,0,730.1971
22,1,2285.549336,4.67E-38,6.09E-09,0.02,0.02,0.2,0,5036.1995
22,2,2285.691799,1.54E-31,1.23E-05,0.0327,0.033,0.27,0,657.2471
22,1,2285.800938,2.02E-28,1.04E-08,0.0512,0.051,0.75,0,83.5527
22,1,2286.086835,3.42E-36,1.21E-08,0.02,0.02,0.2,0,4041.3928
22,2,2286.286442,2.04E-31,1.23E-05,0.0332,0.033,0.34,0,588.1222
22,2,2286.848029,2.64E-31,1.23E-05,0.0339,0.034,0.41,0,522.8249
22,1,2287.09851,1.15E-35,1.22E-08,0.02,0.02,0.2,0,3927.5645
22,1,2287.291567,5.94E-38,6.11E-09,0.02,0.02,0.2,0,4840.1026
22,2,2287.376563,3.35E-31,1.22E-05,0.033,0.033,0.47,0,461.3573
22,2,2287.872048,4.15E-31,1.22E-05,0.0357,0.036,0.52,0,403.7215
22,1,2288.075231,9.47E-36,1.22E-08,0.02,0.02,0.2,0,3817.6248
22,2,2288.334486,5.02E-31,1.22E-05,0.0356,0.036,0.57,0,349.9193
22,2,2288.76388,5.93E-31,1.22E-05,0.0374,0.037,0.62,0,299.9526
22,1,2288.998742,2.97E-37,6.13E-09,0.02,0.02,0.2,0,4647.8168
22,1,2289.017005,3.06E-35,1.22E-08,0.02,0.02,0.2,0,3711.5773
22,2,2289.160234,6.84E-31,1.22E-05,0.0432,0.043,0.65,0,253.823
22,1,2289.42137,1.77E-33,4.79E-08,0.0588,0.059,0.78,0,2341.7447
22,2,2289.52355,7.68E-31,1.22E-05,0.0466,0.047,0.68,0,211.5322
22,2,2289.85383,8.39E-31,1.22E-05,0.0472,0.047,0.71,0,173.0814
22,1,2289.92384,2.42E-35,1.22E-08,0.02,0.02,0.2,0,3609.4259
22,2,2290.151076,8.91E-31,1.22E-05,0.0469,0.047,0.73,0,138.4721
22,2,2290.41529,9.15E-31,1.22E-05,0.0476,0.048,0.74,0,107.7053
22,2,2290.646474,9.09E-31,1.22E-05,0.0469,0.047,0.75,0,80.7821
22,1,2290.670876,3.64E-37,6.14E-09,0.02,0.02,0.2,0,4459.349
22,1,2290.795743,7.50E-35,1.22E-08,0.02,0.02,0.2,0,3511.1741
22,2,2290.844629,8.67E-31,1.22E-05,0.0477,0.048,0.76,0,57.7035
22,2,2291.009756,7.89E-31,1.22E-05,0.049,0.049,0.76,0,38.4701
22,2,2291.141856,6.79E-31,1.22E-05,0.0509,0.051,0.77,0,23.0825
22,2,2291.240931,5.50E-31,1.22E-05,0.0535,0.053,0.78,0,11.5415
22,2,2291.30698,4.79E-31,1.22E-05,0.0567,0.057,0.79,0,3.8472
22,1,2291.63272,5.70E-35,1.23E-08,0.0214,0.021,0.2,0,3416.8253
22,1,2291.893685,3.59E-38,1.93E-08,0.0621,0.062,0.79,0,4635.0756
22,1,2292.307983,1.75E-36,6.16E-09,0.02,0.02,0.2,0,4274.7055
22,1,2292.434777,1.69E-34,1.23E-08,0.023,0.023,0.2,0,3326.3829
22,1,2293.20192,1.23E-34,1.23E-08,0.025,0.025,0.2,0,3239.8501
22,1,2293.894793,9.41E-29,1.11E-08,0.0525,0.052,0.76,0,59.6826
22,1,2293.910075,2.07E-36,6.18E-09,0.02,0.02,0.2,0,4093.8929
22,1,2293.934155,3.52E-34,1.23E-08,0.0273,0.027,0.2,0,3157.2298
22,1,2294.631487,2.45E-34,1.23E-08,0.0299,0.03,0.2,0,3078.5249
22,1,2295.293921,6.70E-34,1.23E-08,0.0327,0.033,0.27,0,3003.7383
22,1,2295.477165,9.56E-36,6.19E-09,0.02,0.02,0.2,0,3916.9175
22,1,2295.921463,4.48E-34,1.24E-08,0.0332,0.033,0.34,0,2932.8725
22,1,2296.514117,1.17E-33,1.24E-08,0.0339,0.034,0.41,0,2865.93
22,1,2297.009265,1.09E-35,6.21E-09,0.02,0.02,0.2,0,3743.7852
22,1,2297.071886,7.47E-34,1.24E-08,0.033,0.033,0.47,0,2802.9132
22,1,2297.594776,1.86E-33,1.24E-08,0.0357,0.036,0.52,0,2743.8242
22,1,2298.082789,1.14E-33,1.24E-08,0.0356,0.036,0.57,0,2688.6651
22,1,2298.506388,4.83E-35,6.22E-09,0.02,0.02,0.2,0,3574.5023
22,1,2298.53593,2.70E-33,1.24E-08,0.0374,0.037,0.62,0,2637.4379
22,1,2298.954202,1.57E-33,1.25E-08,0.0432,0.043,0.65,0,2590.1444
22,1,2299.337607,3.53E-33,1.25E-08,0.0466,0.047,0.68,0,2546.7862
22,1,2299.571749,1.00E-37,2.20E-08,0.0588,0.059,0.78,0,4642.8946
22,1,2299.686148,1.94E-33,1.25E-08,0.0472,0.047,0.71,0,2507.3648
22,1,2299.968546,5.28E-35,6.24E-09,0.02,0.02,0.2,0,3409.0746
22,1,2299.999829,4.13E-33,1.25E-08,0.0469,0.047,0.73,0,2471.8816
22,1,2300.27865,2.13E-33,1.26E-08,0.0476,0.048,0.74,0,2440.3379
22,1,2300.522614,4.25E-33,1.26E-08,0.0469,0.047,0.75,0,2412.7347
22,1,2300.731723,2.03E-33,1.27E-08,0.0477,0.048,0.76,0,2389.073
22,1,2300.905978,3.71E-33,1.29E-08,0.049,0.049,0.76,0,2369.3537
22,1,2301.045381,1.60E-33,1.33E-08,0.0509,0.051,0.77,0,2353.5774
22,1,2301.149932,2.59E-33,1.42E-08,0.0535,0.053,0.78,0,2341.7447
22,1,2301.219633,1.13E-33,1.99E-08,0.0567,0.057,0.79,0,2333.856
22,1,2301.395748,2.26E-34,6.25E-09,0.02,0.02,0.2,0,3247.5078
22,1,2301.955142,1.63E-28,1.23E-08,0.0542,0.054,0.76,0,39.7895
22,2,2302.782397,4.18E-31,1.24E-05,0.0663,0.066,0.81,0,0
22,1,2302.788007,2.38E-34,6.27E-09,0.02,0.02,0.2,0,3089.8075
22,1,2304.145333,9.80E-34,6.28E-09,0.02,0.02,0.2,0,2935.9792
22,1,2305.467736,9.90E-34,6.29E-09,0.02,0.02,0.2,0,2786.0283
22,1,2306.755226,3.92E-33,6.31E-09,0.02,0.02,0.2,0,2639.96
22,1,2307.213888,6.25E-38,2.39E-08,0.0562,0.056,0.77,0,4654.6228
22,1,2308.007813,3.81E-33,6.32E-09,0.02,0.02,0.2,0,2497.7792
22,1,2309.225505,1.45E-32,6.33E-09,0.02,0.02,0.2,0,2359.4911
22,1,2309.981711,6.27E-29,1.48E-08,0.0562,0.056,0.77,0,23.8743
22,2,2310.377204,7.50E-31,1.24E-05,0.0621,0.062,0.79,0,3.8472
22,1,2310.408312,1.36E-32,6.35E-09,0.02,0.02,0.2,0,2225.1003
22,1,2311.556242,4.97E-32,6.36E-09,0.02,0.02,0.2,0,2094.6115
22,1,2312.669303,4.46E-32,6.37E-09,0.02,0.02,0.2,0,1968.0293
22,1,2312.983045,1.97E-33,1.03E-08,0.0663,0.066,0.81,0,2329.9116
22,1,2313.747503,1.57E-31,6.38E-09,0.02,0.02,0.2,0,1845.358
22,1,2314.790851,1.35E-31,6.39E-09,0.02,0.02,0.2,0,1726.6019
22,1,2314.819822,1.45E-37,2.54E-08,0.0542,0.054,0.76,0,4670.2596
22,1,2315.799353,4.57E-31,6.40E-09,0.02,0.02,0.2,0,1611.7652
22,1,2316.773017,3.78E-31,6.41E-09,0.02,0.02,0.2,0,1500.8518
22,1,2317.711849,1.23E-30,6.42E-09,0.02,0.02,0.2,0,1393.8655
22,2,2317.938341,1.05E-30,1.25E-05,0.0588,0.059,0.78,0,11.5415
22,1,2317.974225,7.52E-29,2.52E-08,0.0588,0.059,0.78,0,11.9373
22,1,2318.615855,9.75E-31,6.43E-09,0.02,0.02,0.2,0,1290.81
22,1,2319.485043,3.04E-30,6.44E-09,0.02,0.02,0.2,0,1191.689
22,1,2320.319418,2.32E-30,6.45E-09,0.0214,0.021,0.2,0,1096.5059
22,1,2320.766776,1.77E-33,1.36E-08,0.0621,0.062,0.79,0,2333.856
22,1,2321.118985,6.91E-30,6.46E-09,0.023,0.023,0.2,0,1005.2639
22,1,2321.883751,5.05E-30,6.47E-09,0.025,0.025,0.2,0,917.9663
22,1,2322.389274,7.93E-38,2.67E-08,0.0525,0.052,0.76,0,4689.8047
22,1,2322.61372,1.45E-29,6.48E-09,0.0273,0.027,0.2,0,834.6161
22,1,2323.308897,1.01E-29,6.49E-09,0.0299,0.03,0.2,0,755.216
22,1,2323.969287,2.77E-29,6.50E-09,0.0327,0.033,0.27,0,679.769
22,1,2324.594894,1.86E-29,6.51E-09,0.0332,0.033,0.34,0,608.2776
22,1,2325.185723,4.87E-29,6.51E-09,0.0339,0.034,0.41,0,540.7443
22,2,2325.46555,1.31E-30,1.26E-05,0.0562,0.056,0.77,0,23.0825
22,1,2325.741777,3.12E-29,6.52E-09,0.033,0.033,0.47,0,477.1714
22,1,2326.26306,7.80E-29,6.53E-09,0.0357,0.036,0.52,0,417.5611
22,1,2326.749576,4.76E-29,6.54E-09,0.0356,0.036,0.57,0,361.9156
22,1,2327.201327,1.14E-28,6.55E-09,0.0374,0.037,0.62,0,310.2366
22,1,2327.618317,6.59E-29,6.56E-09,0.0432,0.043,0.65,0,262.5261
22,1,2328.000549,1.49E-28,6.57E-09,0.0466,0.047,0.68,0,218.7856
22,1,2328.348024,8.20E-29,6.58E-09,0.0472,0.047,0.71,0,179.0168
22,1,2328.514965,4.96E-33,1.55E-08,0.0588,0.059,0.78,0,2341.7447
22,1,2328.660745,1.75E-28,6.60E-09,0.0469,0.047,0.73,0,143.2209
22,1,2328.938714,9.04E-29,6.62E-09,0.0476,0.048,0.74,0,111.3991
22,1,2329.181934,1.80E-28,6.65E-09,0.0469,0.047,0.75,0,83.5527
22,1,2329.390404,8.63E-29,6.71E-09,0.0477,0.048,0.76,0,59.6826
22,1,2329.564128,1.58E-28,6.79E-09,0.049,0.049,0.76,0,39.7895
22,1,2329.703105,6.80E-29,6.98E-09,0.0509,0.051,0.77,0,23.8743
22,1,2329.807338,1.10E-28,7.48E-09,0.0535,0.053,0.78,0,11.9373
22,1,2329.876826,4.81E-29,1.05E-08,0.0567,0.057,0.79,0,3.9792
22,1,2329.921966,1.66E-37,2.79E-08,0.0512,0.051,0.75,0,4713.2573
22,2,2332.958572,1.52E-30,1.27E-05,0.0542,0.054,0.76,0,38.4701
22,1,2336.227335,3.09E-33,1.68E-08,0.0562,0.056,0.77,0,2353.5774
22,1,2337.41762,8.40E-38,2.90E-08,0.0499,0.05,0.74,0,4740.6165
22,2,2340.417148,1.67E-30,1.28E-05,0.0525,0.053,0.76,0,57.7035
22,1,2341.744682,8.40E-29,5.43E-09,0.0663,0.066,0.81,0,0
22,1,2343.903609,7.14E-33,1.79E-08,0.0542,0.054,0.76,0,2369.3537
22,1,2344.875955,1.64E-37,3.00E-08,0.0488,0.049,0.73,0,4771.8814
22,2,2347.841021,1.75E-30,1.29E-05,0.0512,0.051,0.75,0,80.7821
22,1,2349.59822,7.55E-29,7.15E-09,0.0621,0.062,0.79,0,3.9792
22,1,2351.54351,3.91E-33,1.88E-08,0.0525,0.052,0.76,0,2389.073
22,1,2352.296694,7.78E-38,3.10E-08,0.0476,0.048,0.71,0,4807.0509
22,2,2355.229929,1.77E-30,1.30E-05,0.0499,0.05,0.74,0,107.7053
22,1,2357.416324,2.11E-28,8.14E-09,0.0588,0.059,0.78,0,11.9373
22,1,2359.14676,8.19E-33,1.96E-08,0.0512,0.051,0.75,0,2412.7347
22,1,2359.679557,1.43E-37,3.20E-08,0.0463,0.046,0.68,0,4846.1238
22,2,2362.583615,1.73E-30,1.31E-05,0.0488,0.049,0.73,0,138.4721
22,1,2365.198717,1.31E-28,8.85E-09,0.0562,0.056,0.77,0,23.8743
22,1,2366.713081,4.13E-33,2.04E-08,0.0499,0.05,0.74,0,2440.3379
22,1,2367.024264,6.43E-38,3.29E-08,0.0448,0.045,0.65,0,4889.0986
22,2,2369.901819,1.65E-30,1.32E-05,0.0476,0.048,0.71,0,173.0814
22,1,2372.945123,3.04E-28,9.41E-09,0.0542,0.054,0.76,0,39.7895
22,1,2374.242195,8.07E-33,2.11E-08,0.0488,0.049,0.73,0,2471.8816
22,1,2374.330537,1.12E-37,3.39E-08,0.0433,0.043,0.62,0,4935.9739
22,2,2377.18428,1.52E-30,1.33E-05,0.0463,0.046,0.68,0,211.5322
22,1,2380.655265,1.66E-28,9.89E-09,0.0525,0.052,0.76,0,59.6826
22,1,2381.598094,4.79E-38,3.48E-08,0.0415,0.042,0.57,0,4986.7479
22,1,2381.733823,3.82E-33,2.18E-08,0.0476,0.048,0.71,0,2507.3648
22,2,2384.430741,1.37E-30,1.34E-05,0.0448,0.045,0.65,0,253.823
22,1,2388.328865,3.48E-28,1.03E-08,0.0512,0.051,0.75,0,83.5527
22,1,2388.826657,7.99E-38,3.57E-08,0.0396,0.04,0.52,0,5041.419
22,1,2389.187688,7.02E-33,2.25E-08,0.0463,0.046,0.68,0,2546.7862
22,2,2391.64094,1.20E-30,1.35E-05,0.0433,0.043,0.62,0,299.9526
22,1,2395.965647,1.75E-28,1.07E-08,0.0499,0.05,0.74,0,111.3991
22,1,2396.015945,3.25E-38,3.67E-08,0.0375,0.037,0.47,0,5099.985
22,1,2396.60351,3.14E-33,2.32E-08,0.0448,0.045,0.65,0,2590.1444
22,2,2398.814618,1.03E-30,1.36E-05,0.0415,0.041,0.57,0,349.9193
22,1,2403.165677,5.17E-38,3.76E-08,0.0354,0.035,0.41,0,5162.4441
22,1,2403.565333,3.42E-28,1.11E-08,0.0488,0.049,0.73,0,143.2209
22,1,2403.981011,5.49E-33,2.38E-08,0.0433,0.043,0.62,0,2637.4379
22,2,2405.951514,8.61E-31,1.37E-05,0.0396,0.04,0.52,0,403.7215
22,1,2410.275572,2.01E-38,3.86E-08,0.0332,0.033,0.34,0,5228.794
22,1,2411.127645,1.61E-28,1.15E-08,0.0476,0.048,0.71,0,179.0168
22,1,2411.319912,2.34E-33,2.45E-08,0.0415,0.042,0.57,0,2688.6651
22,2,2413.051369,7.04E-31,1.38E-05,0.0375,0.038,0.47,0,461.3573
22,1,2417.345351,3.06E-38,3.95E-08,0.0311,0.031,0.27,0,5299.0322
22,1,2418.619934,3.88E-33,2.51E-08,0.0396,0.04,0.52,0,2743.8242
22,1,2418.652306,2.96E-28,1.18E-08,0.0463,0.046,0.68,0,218.7856
22,2,2420.113921,5.63E-31,1.39E-05,0.0354,0.035,0.41,0,522.8249
22,1,2424.374732,1.14E-38,4.05E-08,0.0291,0.029,0.2,0,5373.1564
22,1,2425.880796,1.58E-33,2.58E-08,0.0375,0.037,0.47,0,2802.9132
22,1,2426.139038,1.33E-28,1.22E-08,0.0448,0.045,0.65,0,262.5261
22,2,2427.138911,4.40E-31,1.40E-05,0.0332,0.033,0.34,0,588.1222
22,1,2431.363434,1.67E-38,4.15E-08,0.0274,0.027,0.2,0,5451.1639
22,1,2433.10222,2.50E-33,2.65E-08,0.0354,0.035,0.41,0,2865.93
22,1,2433.587563,2.31E-28,1.26E-08,0.0433,0.043,0.62,0,310.2366
22,2,2434.126077,3.37E-31,1.41E-05,0.0311,0.031,0.27,0,657.2471
22,1,2438.311175,5.94E-39,4.24E-08,0.0273,0.027,0.2,0,5533.052
22,1,2440.283927,9.71E-34,2.71E-08,0.0332,0.033,0.34,0,2932.8725
22,1,2440.997602,9.80E-29,1.29E-08,0.0415,0.042,0.57,0,361.9156
22,2,2441.075159,2.53E-31,1.42E-05,0.0291,0.029,0.2,0,730.1971
22,1,2445.217674,8.31E-39,4.34E-08,0.0273,0.027,0.2,0,5618.8177
22,1,2447.425635,1.47E-33,2.78E-08,0.0311,0.031,0.27,0,3003.7383
22,2,2447.985897,1.85E-31,1.43E-05,0.0274,0.027,0.2,0,806.9698
22,1,2448.368877,1.63E-28,1.33E-08,0.0396,0.04,0.52,0,417.5611
22,1,2452.082649,2.85E-39,4.44E-08,0.0273,0.027,0.2,0,5708.458
22,1,2454.527065,5.47E-34,2.85E-08,0.0291,0.029,0.2,0,3078.5249
22,2,2454.858028,1.33E-31,1.44E-05,0.0273,0.027,0.2,0,887.5627
22,1,2455.70111,6.59E-29,1.36E-08,0.0375,0.037,0.47,0,477.1714
22,1,2458.905819,3.82E-39,4.55E-08,0.0273,0.027,0.2,0,5801.9698
22,1,2461.587938,7.95E-34,2.92E-08,0.0274,0.027,0.2,0,3157.2298
22,2,2461.691293,9.37E-32,1.45E-05,0.0273,0.027,0.2,0,971.9731
22,1,2462.994022,1.04E-28,1.40E-08,0.0354,0.035,0.41,0,540.7443
22,1,2465.6869,1.26E-39,4.65E-08,0.0273,0.027,0.2,0,5899.3497
22,2,2468.485429,6.46E-32,1.46E-05,0.0273,0.027,0.2,0,1060.1982
22,1,2468.607972,2.83E-34,2.99E-08,0.0273,0.027,0.2,0,3239.8501
22,1,2470.247334,4.03E-29,1.43E-08,0.0332,0.033,0.34,0,608.2776
22,1,2472.425612,1.62E-39,4.75E-08,0.0273,0.027,0.2,0,6000.5943
22,2,2475.240176,4.36E-32,1.47E-05,0.0273,0.027,0.2,0,1152.2349
22,1,2475.586887,3.94E-34,3.06E-08,0.0273,0.027,0.2,0,3326.3829
22,1,2477.460767,6.10E-29,1.47E-08,0.0311,0.031,0.27,0,679.769
22,2,2481.955272,2.89E-32,1.48E-05,0.0273,0.027,0.2,0,1248.0802
22,1,2482.524403,1.35E-34,3.13E-08,0.0273,0.027,0.2,0,3416.8253
22,1,2484.634043,2.26E-29,1.50E-08,0.0291,0.029,0.2,0,755.216
22,2,2488.630455,1.88E-32,1.49E-05,0.0273,0.027,0.2,0,1347.731
22,1,2489.420239,1.80E-34,3.20E-08,0.0273,0.027,0.2,0,3511.1741
22,1,2491.766881,3.27E-29,1.54E-08,0.0274,0.027,0.2,0,834.6161
22,2,2495.265464,1.19E-32,1.50E-05,0.0273,0.027,0.2,0,1451.1837
22,1,2496.274114,5.89E-35,3.27E-08,0.0273,0.027,0.2,0,3609.4259
22,1,2498.859003,1.16E-29,1.58E-08,0.0273,0.027,0.2,0,917.9663
22,2,2501.860038,7.45E-33,1.51E-05,0.0273,0.027,0.2,0,1558.4351
22,1,2503.085747,7.55E-35,3.35E-08,0.0273,0.027,0.2,0,3711.5773
22,1,2505.910129,1.61E-29,1.61E-08,0.0273,0.027,0.2,0,1005.2639
22,2,2508.413914,4.56E-33,1.53E-05,0.0273,0.027,0.2,0,1669.4814
22,1,2509.854856,2.37E-35,3.42E-08,0.0273,0.027,0.2,0,3817.6248
22,1,2512.919981,5.48E-30,1.65E-08,0.0273,0.027,0.2,0,1096.5059
22,2,2514.92683,2.73E-33,1.54E-05,0.0273,0.027,0.2,0,1784.3191
22,1,2516.581162,2.92E-35,3.50E-08,0.0273,0.027,0.2,0,3927.5645
22,1,2519.888277,7.29E-30,1.69E-08,0.0273,0.027,0.2,0,1191.689
22,2,2521.398525,1.61E-33,1.55E-05,0.0273,0.027,0.2,0,1902.9441
22,1,2523.264381,8.82E-36,3.57E-08,0.0273,0.027,0.2,0,4041.3928
22,1,2526.814738,2.38E-30,1.73E-08,0.0273,0.027,0.2,0,1290.81
22,2,2527.828736,9.28E-34,1.56E-05,0.0273,0.027,0.2,0,2025.3525
22,1,2529.904233,1.04E-35,3.65E-08,0.0273,0.027,0.2,0,4159.1055
22,1,2533.699085,3.04E-30,1.77E-08,0.0273,0.027,0.2,0,1393.8655
22,2,2534.217202,5.25E-34,1.57E-05,0.0273,0.027,0.2,0,2151.5403
22,1,2536.500436,3.03E-36,3.73E-08,0.0273,0.027,0.2,0,4280.6986
22,1,2540.541038,9.50E-31,1.80E-08,0.0273,0.027,0.2,0,1500.8518
22,2,2540.56366,2.91E-34,1.58E-05,0.0273,0.027,0.2,0,2281.5034
22,1,2543.052708,3.44E-36,3.80E-08,0.0273,0.027,0.2,0,4406.1677
22,2,2546.867847,1.59E-34,1.59E-05,0.0273,0.027,0.2,0,2415.2371
22,1,2547.340316,1.16E-30,1.84E-08,0.0273,0.027,0.2,0,1611.7652
22,1,2549.560767,9.59E-37,3.88E-08,0.0273,0.027,0.2,0,4535.5086
22,2,2553.129501,8.48E-35,1.60E-05,0.0273,0.027,0.2,0,2552.7368
22,1,2554.096639,3.50E-31,1.88E-08,0.0273,0.027,0.2,0,1726.6019
22,1,2556.024331,1.05E-36,3.97E-08,0.0273,0.027,0.2,0,4668.7166
22,2,2559.34836,4.44E-35,1.61E-05,0.0273,0.027,0.2,0,2693.9985
22,1,2560.809727,4.12E-31,1.93E-08,0.0273,0.027,0.2,0,1845.358
22,1,2562.443117,2.81E-37,4.05E-08,0.0273,0.027,0.2,0,4805.787
22,2,2565.524161,2.29E-35,1.62E-05,0.0273,0.027,0.2,0,2839.0168
22,1,2567.479299,1.19E-31,1.97E-08,0.0273,0.027,0.2,0,1968.0293
22,1,2568.816844,2.95E-37,4.13E-08,0.0273,0.027,0.2,0,4946.7152
22,2,2571.656641,1.15E-35,1.64E-05,0.0273,0.027,0.2,0,2987.7874
22,1,2574.105076,1.34E-31,2.01E-08,0.0273,0.027,0.2,0,2094.6115
22,1,2575.145229,7.60E-38,4.21E-08,0.0273,0.027,0.2,0,5091.4961
22,2,2577.745537,5.71E-36,1.65E-05,0.0273,0.027,0.2,0,3140.3049
22,1,2580.686776,3.72E-32,2.05E-08,0.0273,0.027,0.2,0,2225.1003
22,1,2581.42799,7.68E-38,4.30E-08,0.0273,0.027,0.2,0,5240.1246
22,1,2587.224119,4.05E-32,2.09E-08,0.0273,0.027,0.2,0,2359.4911
22,1,2587.664842,1.90E-38,4.38E-08,0.0273,0.027,0.2,0,5392.5955
22,1,2593.716824,1.08E-32,2.14E-08,0.0273,0.027,0.2,0,2497.7792
22,1,2593.855504,1.85E-38,4.47E-08,0.0273,0.027,0.2,0,5548.9035
22,1,2599.999693,4.41E-39,4.56E-08,0.0273,0.027,0.2,0,5709.0431
22,1,2600.16461,1.13E-32,2.18E-08,0.0273,0.027,0.2,0,2639.96
22,1,2606.097125,4.13E-39,4.64E-08,0.0273,0.027,0.2,0,5873.0087
22,1,2606.567196,2.88E-33,2.22E-08,0.0273,0.027,0.2,0,2786.0283
22,1,2612.9243,2.90E-33,2.27E-08,0.0273,0.027,0.2,0,2935.9792
22,1,2619.235643,7.13E-34,2.31E-08,0.0273,0.027,0.2,0,3089.8075
22,1,2625.500941,6.89E-34,2.36E-08,0.0273,0.027,0.2,0,3247.5078
22,1,2631.719915,1.63E-34,2.41E-08,0.0273,0.027,0.2,0,3409.0746
22,1,2637.892282,1.52E-34,2.45E-08,0.0273,0.027,0.2,0,3574.5023
22,1,2644.01776,3.45E-35,2.50E-08,0.0273,0.027,0.2,0,3743.7852
22,1,2650.096069,3.08E-35,2.55E-08,0.0273,0.027,0.2,0,3916.9175
22,1,2656.126925,6.76E-36,2.60E-08,0.0273,0.027,0.2,0,4093.8929
22,1,2662.110047,5.82E-36,2.65E-08,0.0273,0.027,0.2,0,4274.7055
22,1,2668.045153,1.23E-36,2.70E-08,0.0273,0.027,0.2,0,4459.349
22,1,2673.93196,1.02E-36,2.74E-08,0.0273,0.027,0.2,0,4647.8168
22,1,2679.770185,2.06E-37,2.80E-08,0.0273,0.027,0.2,0,4840.1026
22,1,2685.559547,1.64E-37,2.85E-08,0.0273,0.027,0.2,0,5036.1995
22,1,2691.299763,3.21E-38,2.90E-08,0.0273,0.027,0.2,0,5236.1007
22,1,2696.990549,2.47E-38,2.95E-08,0.0273,0.027,0.2,0,5439.7994
22,1,2702.631622,4.64E-39,3.00E-08,0.0273,0.027,0.2,0,5647.2883
22,1,2708.2227,3.43E-39,3.06E-08,0.0273,0.027,0.2,0,5858.5603
22,1,4182.728358,1.88E-39,1.35E-10,0.0273,0.027,0.2,0,4647.8168
22,1,4193.593047,2.39E-39,1.41E-10,0.0273,0.027,0.2,0,4459.349
22,1,4204.40031,1.19E-38,1.47E-10,0.0273,0.027,0.2,0,4274.7055
22,1,4215.149903,1.46E-38,1.54E-10,0.0273,0.027,0.2,0,4093.8929
22,1,4225.841582,6.99E-38,1.61E-10,0.0273,0.027,0.2,0,3916.9175
22,1,4236.475102,8.23E-38,1.68E-10,0.0273,0.027,0.2,0,3743.7852
22,1,4247.050218,3.80E-37,1.75E-10,0.0273,0.027,0.2,0,3574.5023
22,1,4254.246848,1.54E-39,6.60E-10,0.0273,0.027,0.2,0,4946.7152
22,1,4257.56668,4.29E-37,1.83E-10,0.0273,0.027,0.2,0,3409.0746
22,1,4264.343864,1.54E-39,6.87E-10,0.0273,0.027,0.2,0,4805.787
22,1,4268.024242,1.90E-36,1.90E-10,0.0273,0.027,0.2,0,3247.5078
22,1,4274.38025,6.01E-39,7.14E-10,0.0273,0.027,0.2,0,4668.7166
22,1,4278.422654,2.07E-36,1.98E-10,0.0273,0.027,0.2,0,3089.8075
22,1,4284.355754,5.76E-39,7.42E-10,0.0273,0.027,0.2,0,4535.5086
22,1,4288.761666,8.82E-36,2.07E-10,0.0273,0.027,0.2,0,2935.9792
22,1,4294.270121,2.16E-38,7.72E-10,0.0273,0.027,0.2,0,4406.1677
22,1,4299.041027,9.22E-36,2.15E-10,0.0273,0.027,0.2,0,2786.0283
22,1,4304.123094,1.99E-38,8.01E-10,0.0273,0.027,0.2,0,4280.6986
22,1,4309.260485,3.78E-35,2.24E-10,0.0273,0.027,0.2,0,2639.96
22,1,4313.914419,7.18E-38,8.32E-10,0.0273,0.027,0.2,0,4159.1055
22,1,4319.419787,3.79E-35,2.33E-10,0.0273,0.027,0.2,0,2497.7792
22,1,4323.643837,6.35E-38,8.64E-10,0.0273,0.027,0.2,0,4041.3928
22,1,4329.51868,1.49E-34,2.43E-10,0.0273,0.027,0.2,0,2359.4911
22,1,4333.311092,2.20E-37,8.97E-10,0.0273,0.027,0.2,0,3927.5645
22,1,4339.556908,1.44E-34,2.52E-10,0.0273,0.027,0.2,0,2225.1003
22,1,4342.915923,1.87E-37,9.31E-10,0.0273,0.027,0.2,0,3817.6248
22,1,4349.534217,5.44E-34,2.62E-10,0.0273,0.027,0.2,0,2094.6115
22,1,4352.458073,6.20E-37,9.67E-10,0.0273,0.027,0.2,0,3711.5773
22,1,4359.450351,5.03E-34,2.73E-10,0.0273,0.027,0.2,0,1968.0293
22,1,4361.93728,5.05E-37,1.00E-09,0.0273,0.027,0.2,0,3609.4259
22,1,4369.305051,1.83E-33,2.83E-10,0.0273,0.027,0.2,0,1845.358
22,1,4371.353283,1.61E-36,1.04E-09,0.0273,0.027,0.2,0,3511.1741
22,1,4379.098061,1.62E-33,2.95E-10,0.0273,0.027,0.2,0,1726.6019
22,1,4380.705821,1.26E-36,1.08E-09,0.0273,0.027,0.2,0,3416.8253
22,1,4388.829122,5.65E-33,3.06E-10,0.0273,0.027,0.2,0,1611.7652
22,1,4389.994631,3.84E-36,1.12E-09,0.0273,0.027,0.2,0,3326.3829
22,1,4398.497975,4.82E-33,3.18E-10,0.0273,0.027,0.2,0,1500.8518
22,1,4399.21945,2.87E-36,1.16E-09,0.0273,0.027,0.2,0,3239.8501
22,1,4405.46942,1.45E-39,2.92E-09,0.0396,0.04,0.52,0,5041.419
22,1,4408.104358,1.61E-32,3.30E-10,0.0273,0.027,0.2,0,1393.8655
22,1,4408.380014,8.41E-36,1.20E-09,0.0274,0.027,0.2,0,3157.2298
22,1,4417.476058,6.02E-36,1.25E-09,0.0291,0.029,0.2,0,3078.5249
22,1,4417.648013,1.32E-32,3.42E-10,0.0273,0.027,0.2,0,1290.81
22,1,4422.67515,2.18E-39,3.15E-09,0.0433,0.043,0.62,0,4935.9739
22,1,4426.507317,1.69E-35,1.30E-09,0.0311,0.031,0.27,0,3003.7383
22,1,4427.128676,4.22E-32,3.55E-10,0.0273,0.027,0.2,0,1191.689
22,1,4431.177843,1.29E-39,3.28E-09,0.0448,0.045,0.65,0,4889.0986
22,1,4435.473524,1.16E-35,1.34E-09,0.0332,0.033,0.34,0,2932.8725
22,1,4436.546085,3.31E-32,3.69E-10,0.0273,0.027,0.2,0,1096.5059
22,1,4439.613394,2.95E-39,3.42E-09,0.0463,0.046,0.68,0,4846.1238
22,1,4444.374414,3.09E-35,1.39E-09,0.0354,0.035,0.41,0,2865.93
22,1,4445.899979,1.02E-31,3.83E-10,0.0273,0.027,0.2,0,1005.2639
22,1,4447.981531,1.64E-39,3.57E-09,0.0476,0.048,0.71,0,4807.0509
22,1,4453.209719,2.02E-35,1.45E-09,0.0375,0.037,0.47,0,2802.9132
22,1,4455.190092,7.63E-32,3.97E-10,0.0273,0.027,0.2,0,917.9663
22,1,4456.281984,3.51E-39,3.75E-09,0.0488,0.049,0.73,0,4771.8814
22,1,4461.97917,5.16E-35,1.50E-09,0.0396,0.04,0.52,0,2743.8242
22,1,4464.416161,2.24E-31,4.12E-10,0.0274,0.027,0.2,0,834.6161
22,1,4464.514479,1.82E-39,3.95E-09,0.0499,0.05,0.74,0,4740.6165
22,1,4470.6825,3.21E-35,1.56E-09,0.0415,0.042,0.57,0,2688.6651
22,1,4472.678743,3.60E-39,4.20E-09,0.0512,0.051,0.75,0,4713.2573
22,1,4473.57792,1.61E-31,4.27E-10,0.0291,0.029,0.2,0,755.216
22,1,4479.319438,7.79E-35,1.62E-09,0.0433,0.043,0.62,0,2637.4379
22,1,4480.774503,1.69E-39,4.53E-09,0.0525,0.052,0.76,0,4689.8047
22,1,4482.675104,4.54E-31,4.43E-10,0.0311,0.031,0.27,0,679.769
22,1,4487.889716,4.60E-35,1.69E-09,0.0448,0.045,0.65,0,2590.1444
22,1,4488.801485,2.94E-39,5.04E-09,0.0542,0.054,0.76,0,4670.2596
22,1,4491.707447,3.12E-31,4.60E-10,0.0332,0.033,0.34,0,608.2776
22,1,4496.393061,1.06E-34,1.76E-09,0.0463,0.046,0.68,0,2546.7862
22,1,4496.759414,1.14E-39,6.05E-09,0.0562,0.056,0.77,0,4654.6228
22,1,4500.674682,8.37E-31,4.77E-10,0.0354,0.035,0.41,0,540.7443
22,1,4504.648014,1.37E-39,1.04E-08,0.0588,0.059,0.78,0,4642.8946
22,1,4504.829205,5.87E-35,1.84E-09,0.0476,0.048,0.71,0,2507.3648
22,1,4509.023516,1.49E-39,2.71E-09,0.0357,0.036,0.52,0,5041.419
22,1,4509.57654,5.49E-31,4.96E-10,0.0375,0.037,0.47,0,477.1714
22,1,4510.914501,2.15E-39,2.72E-09,0.0374,0.037,0.62,0,4935.9739
22,1,4511.754895,1.25E-39,2.72E-09,0.0432,0.043,0.65,0,4889.0986
22,1,4512.525232,2.81E-39,2.72E-09,0.0466,0.047,0.68,0,4846.1238
22,1,4513.197874,1.26E-34,1.93E-09,0.0488,0.049,0.73,0,2471.8816
22,1,4513.225518,1.54E-39,2.73E-09,0.0472,0.047,0.71,0,4807.0509
22,1,4513.85576,3.27E-39,2.74E-09,0.0469,0.047,0.73,0,4771.8814
22,1,4514.415962,1.68E-39,2.74E-09,0.0476,0.048,0.74,0,4740.6165
22,1,4514.90613,3.35E-39,2.76E-09,0.0469,0.047,0.75,0,4713.2573
22,1,4515.326266,1.60E-39,2.78E-09,0.0477,0.048,0.76,0,4689.8047
22,1,4515.676374,2.92E-39,2.82E-09,0.049,0.049,0.76,0,4670.2596
22,1,4515.956457,1.26E-39,2.89E-09,0.0509,0.051,0.77,0,4654.6228
22,1,4516.166518,2.04E-39,3.10E-09,0.0535,0.053,0.78,0,4642.8946
22,1,4518.412755,1.41E-30,5.15E-10,0.0396,0.04,0.52,0,417.5611
22,1,4521.498797,6.55E-35,2.03E-09,0.0499,0.05,0.74,0,2440.3379
22,1,4527.183057,8.77E-31,5.35E-10,0.0415,0.042,0.57,0,361.9156
22,1,4527.281323,2.98E-39,1.37E-09,0.02,0.02,0.2,0,4946.7152
22,1,4527.89508,1.57E-39,2.26E-09,0.0663,0.066,0.81,0,4631.1661
22,1,4529.7317,1.30E-34,2.16E-09,0.0512,0.051,0.75,0,2412.7347
22,1,4529.798467,2.87E-39,1.37E-09,0.02,0.02,0.2,0,4805.787
22,1,4532.245462,1.09E-38,1.37E-09,0.02,0.02,0.2,0,4668.7166
22,1,4534.622328,1.01E-38,1.37E-09,0.02,0.02,0.2,0,4535.5086
22,1,4535.5036,1.42E-39,2.99E-09,0.0621,0.062,0.79,0,4635.0756
22,1,4535.887176,2.13E-30,5.56E-10,0.0433,0.043,0.62,0,310.2366
22,1,4536.929085,3.67E-38,1.37E-09,0.02,0.02,0.2,0,4406.1677
22,1,4537.896311,6.09E-35,2.34E-09,0.0525,0.052,0.76,0,2389.073
22,1,4539.165751,3.28E-38,1.37E-09,0.02,0.02,0.2,0,4280.6986
22,1,4541.332344,1.15E-37,1.38E-09,0.02,0.02,0.2,0,4159.1055
22,1,4543.041406,4.00E-39,3.42E-09,0.0588,0.059,0.78,0,4642.8946
22,1,4543.428882,9.82E-38,1.38E-09,0.02,0.02,0.2,0,4041.3928
22,1,4544.524844,1.26E-30,5.79E-10,0.0448,0.045,0.65,0,262.5261
22,1,4545.455381,3.30E-37,1.38E-09,0.02,0.02,0.2,0,3927.5645
22,1,4545.790299,1.13E-39,4.60E-10,0.02,0.02,0.2,0,4840.1026
22,1,4545.992356,1.06E-34,2.60E-09,0.0542,0.054,0.76,0,2369.3537
22,1,4547.411858,2.72E-37,1.38E-09,0.02,0.02,0.2,0,3817.6248
22,1,4549.210292,5.65E-39,4.60E-10,0.02,0.02,0.2,0,4647.8168
22,1,4549.298328,8.78E-37,1.38E-09,0.02,0.02,0.2,0,3711.5773
22,1,4550.508219,2.51E-39,3.73E-09,0.0562,0.056,0.77,0,4654.6228
22,1,4551.114806,6.94E-37,1.38E-09,0.02,0.02,0.2,0,3609.4259
22,1,4552.560071,6.92E-39,4.61E-10,0.02,0.02,0.2,0,4459.349
22,1,4552.861306,2.15E-36,1.39E-09,0.02,0.02,0.2,0,3511.1741
22,1,4553.095789,2.90E-30,6.04E-10,0.0463,0.046,0.68,0,218.7856
22,1,4554.019559,4.12E-35,3.12E-09,0.0562,0.056,0.77,0,2353.5774
22,1,4554.537842,1.63E-36,1.39E-09,0.0214,0.021,0.2,0,3416.8253
22,1,4555.839663,3.33E-38,4.62E-10,0.02,0.02,0.2,0,4274.7055
22,1,4556.144427,4.85E-36,1.39E-09,0.023,0.023,0.2,0,3326.3829
22,1,4557.681073,3.53E-36,1.39E-09,0.025,0.025,0.2,0,3239.8501
22,1,4557.90376,5.85E-39,3.98E-09,0.0542,0.054,0.76,0,4670.2596
22,1,4559.049096,3.92E-38,4.63E-10,0.02,0.02,0.2,0,4093.8929
22,1,4559.147792,1.01E-35,1.39E-09,0.0273,0.027,0.2,0,3157.2298
22,1,4560.544596,7.02E-36,1.39E-09,0.0299,0.03,0.2,0,3078.5249
22,1,4561.599741,1.62E-30,6.32E-10,0.0476,0.048,0.71,0,179.0168
22,1,4561.871494,1.92E-35,1.39E-09,0.0327,0.033,0.27,0,3003.7383
22,1,4561.977647,4.98E-35,5.36E-09,0.0588,0.059,0.78,0,2341.7447
22,1,4562.188396,1.81E-37,4.64E-10,0.02,0.02,0.2,0,3916.9175
22,1,4563.128498,1.28E-35,1.40E-09,0.0332,0.033,0.34,0,2932.8725
22,1,4564.315616,3.34E-35,1.40E-09,0.0339,0.034,0.41,0,2865.93
22,1,4565.227749,3.23E-39,4.20E-09,0.0525,0.052,0.76,0,4689.8047
22,1,4565.257589,2.06E-37,4.65E-10,0.02,0.02,0.2,0,3743.7852
22,1,4565.432858,2.13E-35,1.40E-09,0.033,0.033,0.47,0,2802.9132
22,1,4566.480231,5.32E-35,1.40E-09,0.0357,0.036,0.52,0,2743.8242
22,1,4567.457745,3.24E-35,1.40E-09,0.0356,0.036,0.57,0,2688.6651
22,1,4568.256699,9.15E-37,4.65E-10,0.02,0.02,0.2,0,3574.5023
22,1,4568.365406,7.71E-35,1.40E-09,0.0374,0.037,0.62,0,2637.4379
22,1,4569.203221,4.47E-35,1.40E-09,0.0432,0.043,0.65,0,2590.1444
22,1,4569.971196,1.01E-34,1.41E-09,0.0466,0.047,0.68,0,2546.7862
22,1,4570.036428,3.49E-30,6.63E-10,0.0488,0.049,0.73,0,143.2209
22,1,4570.669337,5.53E-35,1.41E-09,0.0472,0.047,0.71,0,2507.3648
22,1,4571.185752,9.99E-37,4.66E-10,0.02,0.02,0.2,0,3409.0746
22,1,4571.297649,1.18E-34,1.41E-09,0.0469,0.047,0.73,0,2471.8816
22,1,4571.856137,6.08E-35,1.42E-09,0.0476,0.048,0.74,0,2440.3379
22,1,4572.344805,1.21E-34,1.42E-09,0.0469,0.047,0.75,0,2412.7347
22,1,4572.479906,6.82E-39,4.40E-09,0.0512,0.051,0.75,0,4713.2573
22,1,4572.763657,5.79E-35,1.43E-09,0.0477,0.048,0.76,0,2389.073
22,1,4573.112695,1.06E-34,1.45E-09,0.049,0.049,0.76,0,2369.3537
22,1,4573.391923,4.56E-35,1.49E-09,0.0509,0.051,0.77,0,2353.5774
22,1,4573.601342,7.39E-35,1.60E-09,0.0535,0.053,0.78,0,2341.7447
22,1,4573.740954,3.22E-35,2.24E-09,0.0567,0.057,0.79,0,2333.856
22,1,4574.044771,4.28E-36,4.67E-10,0.02,0.02,0.2,0,3247.5078
22,1,4576.833777,4.49E-36,4.68E-10,0.02,0.02,0.2,0,3089.8075
22,1,4578.405577,1.81E-30,6.99E-10,0.0499,0.05,0.74,0,111.3991
22,1,4579.552794,1.85E-35,4.68E-10,0.02,0.02,0.2,0,2935.9792
22,1,4579.659949,3.47E-39,4.59E-09,0.0499,0.05,0.74,0,4740.6165
22,1,4582.201842,1.87E-35,4.69E-10,0.02,0.02,0.2,0,2786.0283
22,1,4584.780943,7.40E-35,4.70E-10,0.02,0.02,0.2,0,2639.96
22,1,4585.434455,5.69E-35,1.17E-09,0.0663,0.066,0.81,0,2329.9116
22,1,4586.706917,3.60E-30,7.44E-10,0.0512,0.051,0.75,0,83.5527
22,1,4586.767598,6.82E-39,4.77E-09,0.0488,0.049,0.73,0,4771.8814
22,1,4587.290115,7.18E-35,4.70E-10,0.02,0.02,0.2,0,2497.7792
22,1,4589.729378,2.74E-34,4.71E-10,0.02,0.02,0.2,0,2359.4911
22,1,4592.098751,2.55E-34,4.72E-10,0.02,0.02,0.2,0,2225.1003
22,1,4593.113318,5.15E-35,1.55E-09,0.0621,0.062,0.79,0,2333.856
22,1,4593.802569,3.25E-39,4.95E-09,0.0476,0.048,0.71,0,4807.0509
22,1,4594.398251,9.34E-34,4.72E-10,0.02,0.02,0.2,0,2094.6115
22,1,4594.940174,1.69E-30,8.03E-10,0.0525,0.052,0.76,0,59.6826
22,1,4596.627896,8.38E-34,4.73E-10,0.02,0.02,0.2,0,1968.0293
22,1,4598.787703,2.95E-33,4.73E-10,0.02,0.02,0.2,0,1845.358
22,1,4600.721682,1.45E-34,1.77E-09,0.0588,0.059,0.78,0,2341.7447
22,1,4600.764582,6.04E-39,5.12E-09,0.0463,0.046,0.68,0,4846.1238
22,1,4600.877687,2.54E-33,4.74E-10,0.02,0.02,0.2,0,1726.6019
22,1,4602.897863,8.57E-33,4.75E-10,0.02,0.02,0.2,0,1611.7652
22,1,4603.105074,2.95E-30,8.94E-10,0.0542,0.054,0.76,0,39.7895
22,1,4604.848248,7.09E-33,4.75E-10,0.02,0.02,0.2,0,1500.8518
22,1,4606.728854,2.30E-32,4.76E-10,0.02,0.02,0.2,0,1393.8655
22,1,4607.653353,2.73E-39,5.29E-09,0.0448,0.045,0.65,0,4889.0986
22,1,4608.259269,9.11E-35,1.93E-09,0.0562,0.056,0.77,0,2353.5774
22,1,4608.539696,1.83E-32,4.76E-10,0.02,0.02,0.2,0,1290.81
22,1,4610.280786,5.69E-32,4.77E-10,0.02,0.02,0.2,0,1191.689
22,1,4611.201344,1.14E-30,1.07E-09,0.0562,0.056,0.77,0,23.8743
22,1,4611.952138,4.33E-32,4.77E-10,0.0214,0.021,0.2,0,1096.5059
22,1,4613.553762,1.29E-31,4.78E-10,0.023,0.023,0.2,0,1005.2639
22,1,4614.468598,4.80E-39,5.46E-09,0.0433,0.043,0.62,0,4935.9739
22,1,4615.085671,9.45E-32,4.78E-10,0.025,0.025,0.2,0,917.9663
22,1,4615.725801,2.12E-34,2.06E-09,0.0542,0.054,0.76,0,2369.3537
22,1,4616.547874,2.70E-31,4.79E-10,0.0273,0.027,0.2,0,834.6161
22,1,4617.940384,1.89E-31,4.79E-10,0.0299,0.03,0.2,0,755.216
22,1,4619.228708,1.38E-30,1.84E-09,0.0588,0.059,0.78,0,11.9373
22,1,4619.263208,5.18E-31,4.80E-10,0.0327,0.033,0.27,0,679.769
22,1,4620.516357,3.47E-31,4.80E-10,0.0332,0.033,0.34,0,608.2776
22,1,4621.210033,2.06E-39,5.63E-09,0.0415,0.042,0.57,0,4986.7479
22,1,4621.69984,9.09E-31,4.80E-10,0.0339,0.034,0.41,0,540.7443
22,1,4622.813663,5.82E-31,4.81E-10,0.033,0.033,0.47,0,477.1714
22,1,4623.120998,1.17E-34,2.17E-09,0.0525,0.052,0.76,0,2389.073
22,1,4623.857836,1.46E-30,4.81E-10,0.0357,0.036,0.52,0,417.5611
22,1,4624.832365,8.89E-31,4.82E-10,0.0356,0.036,0.57,0,361.9156
22,1,4625.737258,2.12E-30,4.83E-10,0.0374,0.037,0.62,0,310.2366
22,1,4626.572519,1.23E-30,4.83E-10,0.0432,0.043,0.65,0,262.5261
22,1,4627.338155,2.78E-30,4.84E-10,0.0466,0.047,0.68,0,218.7856
22,1,4627.877374,3.45E-39,5.80E-09,0.0396,0.04,0.52,0,5041.419
22,1,4628.034172,1.53E-30,4.85E-10,0.0472,0.047,0.71,0,179.0168
22,1,4628.660573,3.26E-30,4.86E-10,0.0469,0.047,0.73,0,143.2209
22,1,4629.217364,1.69E-30,4.88E-10,0.0476,0.048,0.74,0,111.3991
22,1,4629.704548,3.36E-30,4.90E-10,0.0469,0.047,0.75,0,83.5527
22,1,4630.122127,1.61E-30,4.94E-10,0.0477,0.048,0.76,0,59.6826
22,1,4630.444581,2.47E-34,2.28E-09,0.0512,0.051,0.75,0,2412.7347
22,1,4630.470106,2.94E-30,5.00E-10,0.049,0.049,0.76,0,39.7895
22,1,4630.748487,1.27E-30,5.14E-10,0.0509,0.051,0.77,0,23.8743
22,1,4630.95727,2.05E-30,5.50E-10,0.0535,0.053,0.78,0,11.9373
22,1,4631.096458,8.97E-31,7.71E-10,0.0567,0.057,0.79,0,3.9792
22,1,4634.470336,1.42E-39,5.97E-09,0.0375,0.037,0.47,0,5099.985
22,1,4637.696269,1.26E-34,2.37E-09,0.0499,0.05,0.74,0,2440.3379
22,1,4640.988633,2.27E-39,6.15E-09,0.0354,0.035,0.41,0,5162.4441
22,1,4642.894615,1.58E-30,4.02E-10,0.0663,0.066,0.81,0,0
22,1,4644.875784,2.47E-34,2.47E-09,0.0488,0.049,0.73,0,2471.8816
22,1,4650.643601,1.43E-30,5.33E-10,0.0621,0.062,0.79,0,3.9792
22,1,4651.982842,1.18E-34,2.56E-09,0.0476,0.048,0.71,0,2507.3648
22,1,4653.800089,1.36E-39,6.50E-09,0.0311,0.031,0.27,0,5299.0322
22,1,4658.322302,4.04E-30,6.09E-10,0.0588,0.059,0.78,0,11.9373
22,1,4659.017163,2.18E-34,2.65E-09,0.0463,0.046,0.68,0,2546.7862
22,1,4665.93044,2.53E-30,6.64E-10,0.0562,0.056,0.77,0,23.8743
22,1,4665.978466,9.81E-35,2.74E-09,0.0448,0.045,0.65,0,2590.1444
22,1,4672.866467,1.72E-34,2.83E-09,0.0433,0.043,0.62,0,2637.4379
22,1,4673.467737,5.90E-30,7.09E-10,0.0542,0.054,0.76,0,39.7895
22,1,4679.680884,7.39E-35,2.92E-09,0.0415,0.042,0.57,0,2688.6651
22,1,4680.933914,3.25E-30,7.49E-10,0.0525,0.052,0.76,0,59.6826
22,1,4686.421433,1.24E-34,3.01E-09,0.0396,0.04,0.52,0,2743.8242
22,1,4688.328693,6.86E-30,7.85E-10,0.0512,0.051,0.75,0,83.5527
22,1,4693.087831,5.05E-35,3.10E-09,0.0375,0.037,0.47,0,2802.9132
22,1,4695.651795,3.48E-30,8.19E-10,0.0499,0.05,0.74,0,111.3991
22,1,4699.679793,8.07E-35,3.19E-09,0.0354,0.035,0.41,0,2865.93
22,1,4702.90294,6.84E-30,8.51E-10,0.0488,0.049,0.73,0,143.2209
22,1,4706.197036,3.15E-35,3.28E-09,0.0332,0.033,0.34,0,2932.8725
22,1,4710.081847,3.25E-30,8.83E-10,0.0476,0.048,0.71,0,179.0168
22,1,4712.639273,4.81E-35,3.37E-09,0.0311,0.031,0.27,0,3003.7383
22,1,4717.188236,6.02E-30,9.14E-10,0.0463,0.046,0.68,0,218.7856
22,1,4719.006219,1.80E-35,3.46E-09,0.0291,0.029,0.2,0,3078.5249
22,1,4724.221828,2.71E-30,9.45E-10,0.0448,0.045,0.65,0,262.5261
22,1,4725.297588,2.63E-35,3.56E-09,0.0274,0.027,0.2,0,3157.2298
22,1,4731.182339,4.75E-30,9.76E-10,0.0433,0.043,0.62,0,310.2366
22,1,4731.513095,9.42E-36,3.65E-09,0.0273,0.027,0.2,0,3239.8501
22,1,4737.65245,1.32E-35,3.75E-09,0.0273,0.027,0.2,0,3326.3829
22,1,4738.069488,2.03E-30,1.01E-09,0.0415,0.042,0.57,0,361.9156
22,1,4743.715369,4.53E-36,3.85E-09,0.0273,0.027,0.2,0,3416.8253
22,1,4744.882994,3.39E-30,1.04E-09,0.0396,0.04,0.52,0,417.5611
22,1,4749.701562,6.09E-36,3.95E-09,0.0273,0.027,0.2,0,3511.1741
22,1,4751.622573,1.38E-30,1.07E-09,0.0375,0.037,0.47,0,477.1714
22,1,4755.610741,2.01E-36,4.05E-09,0.0273,0.027,0.2,0,3609.4259
22,1,4758.287943,2.20E-30,1.10E-09,0.0354,0.035,0.41,0,540.7443
22,1,4761.442618,2.59E-36,4.15E-09,0.0273,0.027,0.2,0,3711.5773
22,1,4764.878821,8.58E-31,1.13E-09,0.0332,0.033,0.34,0,608.2776
22,1,4767.196903,8.19E-37,4.26E-09,0.0273,0.027,0.2,0,3817.6248
22,1,4771.394922,1.31E-30,1.17E-09,0.0311,0.031,0.27,0,679.769
22,1,4772.873306,1.01E-36,4.36E-09,0.0273,0.027,0.2,0,3927.5645
22,1,4777.835962,4.87E-31,1.20E-09,0.0291,0.029,0.2,0,755.216
22,1,4778.471538,3.08E-37,4.47E-09,0.0273,0.027,0.2,0,4041.3928
22,1,4783.991308,3.66E-37,4.58E-09,0.0273,0.027,0.2,0,4159.1055
22,1,4784.201658,7.10E-31,1.23E-09,0.0274,0.027,0.2,0,834.6161
22,1,4789.432325,1.07E-37,4.69E-09,0.0273,0.027,0.2,0,4280.6986
22,1,4790.491723,2.53E-31,1.26E-09,0.0273,0.027,0.2,0,917.9663
22,1,4794.794297,1.22E-37,4.80E-09,0.0273,0.027,0.2,0,4406.1677
22,1,4796.705872,3.54E-31,1.30E-09,0.0273,0.027,0.2,0,1005.2639
22,1,4800.076932,3.42E-38,4.92E-09,0.0273,0.027,0.2,0,4535.5086
22,1,4802.843821,1.21E-31,1.33E-09,0.0273,0.027,0.2,0,1096.5059
22,1,4805.279937,3.76E-38,5.03E-09,0.0273,0.027,0.2,0,4668.7166
22,1,4808.905282,1.62E-31,1.37E-09,0.0273,0.027,0.2,0,1191.689
22,1,4810.403019,1.01E-38,5.15E-09,0.0273,0.027,0.2,0,4805.787
22,1,4814.889969,5.32E-32,1.40E-09,0.0273,0.027,0.2,0,1290.81
22,1,4815.445886,1.07E-38,5.27E-09,0.0273,0.027,0.2,0,4946.7152
22,1,4820.408242,2.78E-39,5.39E-09,0.0273,0.027,0.2,0,5091.4961
22,1,4820.797595,6.83E-32,1.44E-09,0.0273,0.027,0.2,0,1393.8655
22,1,4825.289793,2.82E-39,5.51E-09,0.0273,0.027,0.2,0,5240.1246
22,1,4826.627873,2.15E-32,1.47E-09,0.0273,0.027,0.2,0,1500.8518
22,1,4832.380515,2.65E-32,1.51E-09,0.0273,0.027,0.2,0,1611.7652
22,1,4838.055232,8.01E-33,1.55E-09,0.0273,0.027,0.2,0,1726.6019
22,1,4843.651736,9.48E-33,1.59E-09,0.0273,0.027,0.2,0,1845.358
22,1,4849.169739,2.75E-33,1.63E-09,0.0273,0.027,0.2,0,1968.0293
22,1,4854.608949,3.13E-33,1.66E-09,0.0273,0.027,0.2,0,2094.6115
22,1,4859.969078,8.72E-34,1.70E-09,0.0273,0.027,0.2,0,2225.1003
22,1,4865.249835,9.53E-34,1.74E-09,0.0273,0.027,0.2,0,2359.4911
22,1,4870.45093,2.55E-34,1.79E-09,0.0273,0.027,0.2,0,2497.7792
22,1,4875.572071,2.68E-34,1.83E-09,0.0273,0.027,0.2,0,2639.96
22,1,4880.612966,6.91E-35,1.87E-09,0.0273,0.027,0.2,0,2786.0283
22,1,4885.573323,6.98E-35,1.91E-09,0.0273,0.027,0.2,0,2935.9792
22,1,4890.45285,1.73E-35,1.95E-09,0.0273,0.027,0.2,0,3089.8075
22,1,4895.251253,1.68E-35,2.00E-09,0.0273,0.027,0.2,0,3247.5078
22,1,4899.968239,3.99E-36,2.04E-09,0.0273,0.027,0.2,0,3409.0746
22,1,4904.603513,3.73E-36,2.09E-09,0.0273,0.027,0.2,0,3574.5023
22,1,4909.156782,8.54E-37,2.13E-09,0.0273,0.027,0.2,0,3743.7852
22,1,4913.627749,7.67E-37,2.18E-09,0.0273,0.027,0.2,0,3916.9175
22,1,4918.01612,1.69E-37,2.23E-09,0.0273,0.027,0.2,0,4093.8929
22,1,4922.321597,1.46E-37,2.27E-09,0.0273,0.027,0.2,0,4274.7055
22,1,4926.543885,3.10E-38,2.32E-09,0.0273,0.027,0.2,0,4459.349
22,1,4930.682685,2.58E-38,2.37E-09,0.0273,0.027,0.2,0,4647.8168
22,1,4934.7377,5.26E-39,2.42E-09,0.0273,0.027,0.2,0,4840.1026
22,1,4938.708632,4.22E-39,2.47E-09,0.0273,0.027,0.2,0,5036.1995
22,1,6478.900504,1.19E-39,5.67E-12,0.0273,0.027,0.2,0,3743.7852
22,1,6490.912021,5.61E-39,6.05E-12,0.0273,0.027,0.2,0,3574.5023
22,1,6502.829693,6.49E-39,6.44E-12,0.0273,0.027,0.2,0,3409.0746
22,1,6514.653284,2.94E-38,6.86E-12,0.0273,0.027,0.2,0,3247.5078
22,1,6526.382556,3.27E-38,7.29E-12,0.0273,0.027,0.2,0,3089.8075
22,1,6538.017273,1.42E-37,7.74E-12,0.0273,0.027,0.2,0,2935.9792
22,1,6543.490677,1.66E-39,4.43E-11,0.0273,0.027,0.2,0,4159.1055
22,1,6549.557192,1.51E-37,8.21E-12,0.0273,0.027,0.2,0,2786.0283
22,1,6554.202972,1.49E-39,4.67E-11,0.0273,0.027,0.2,0,4041.3928
22,1,6561.002074,6.32E-37,8.69E-12,0.0273,0.027,0.2,0,2639.96
22,1,6564.817926,5.24E-39,4.91E-11,0.0273,0.027,0.2,0,3927.5645
22,1,6572.351677,6.46E-37,9.20E-12,0.0273,0.027,0.2,0,2497.7792
22,1,6575.335287,4.51E-39,5.17E-11,0.0273,0.027,0.2,0,3817.6248
22,1,6583.605755,2.59E-36,9.72E-12,0.0273,0.027,0.2,0,2359.4911
22,1,6585.754805,1.52E-38,5.43E-11,0.0273,0.027,0.2,0,3711.5773
22,1,6594.764066,2.54E-36,1.03E-11,0.0273,0.027,0.2,0,2225.1003
22,1,6596.076226,1.26E-38,5.70E-11,0.0273,0.027,0.2,0,3609.4259
22,1,6605.826362,9.73E-36,1.08E-11,0.0273,0.027,0.2,0,2094.6115
22,1,6606.299297,4.06E-38,5.99E-11,0.0273,0.027,0.2,0,3511.1741
22,1,6616.423763,3.21E-38,6.28E-11,0.0273,0.027,0.2,0,3416.8253
22,1,6616.792397,9.15E-36,1.14E-11,0.0273,0.027,0.2,0,1968.0293
22,1,6626.449369,9.92E-38,6.59E-11,0.0273,0.027,0.2,0,3326.3829
22,1,6627.661922,3.37E-35,1.20E-11,0.0273,0.027,0.2,0,1845.358
22,1,6636.375857,7.51E-38,6.91E-11,0.0273,0.027,0.2,0,3239.8501
22,1,6638.434689,3.04E-35,1.27E-11,0.0273,0.027,0.2,0,1726.6019
22,1,6646.202971,2.22E-37,7.24E-11,0.0274,0.027,0.2,0,3157.2298
22,1,6649.110445,1.07E-34,1.33E-11,0.0273,0.027,0.2,0,1611.7652
22,1,6655.930449,1.61E-37,7.58E-11,0.0291,0.029,0.2,0,3078.5249
22,1,6659.68894,9.27E-35,1.40E-11,0.0273,0.027,0.2,0,1500.8518
22,1,6665.558034,4.56E-37,7.94E-11,0.0311,0.031,0.27,0,3003.7383
22,1,6670.169922,3.14E-34,1.47E-11,0.0273,0.027,0.2,0,1393.8655
22,1,6675.085463,3.16E-37,8.31E-11,0.0332,0.033,0.34,0,2932.8725
22,1,6680.553135,2.60E-34,1.55E-11,0.0273,0.027,0.2,0,1290.81
22,1,6684.512475,8.54E-37,8.70E-11,0.0354,0.035,0.41,0,2865.93
22,1,6690.838326,8.43E-34,1.62E-11,0.0273,0.027,0.2,0,1191.689
22,1,6693.838807,5.63E-37,9.10E-11,0.0375,0.037,0.47,0,2802.9132
22,1,6701.025239,6.69E-34,1.70E-11,0.0273,0.027,0.2,0,1096.5059
22,1,6703.064196,1.45E-36,9.53E-11,0.0396,0.04,0.52,0,2743.8242
22,1,6711.113616,2.08E-33,1.78E-11,0.0273,0.027,0.2,0,1005.2639
22,1,6712.188375,9.12E-37,9.98E-11,0.0415,0.042,0.57,0,2688.6651
22,1,6721.103201,1.58E-33,1.87E-11,0.0273,0.027,0.2,0,917.9663
22,1,6721.211081,2.23E-36,1.05E-10,0.0433,0.043,0.62,0,2637.4379
22,1,6730.132045,1.33E-36,1.10E-10,0.0448,0.045,0.65,0,2590.1444
22,1,6730.993734,4.69E-33,1.95E-11,0.0274,0.027,0.2,0,834.6161
22,1,6738.951001,3.08E-36,1.15E-10,0.0463,0.046,0.68,0,2546.7862
22,1,6740.784955,3.40E-33,2.05E-11,0.0291,0.029,0.2,0,755.216
22,1,6747.66768,1.73E-36,1.21E-10,0.0476,0.048,0.71,0,2507.3648
22,1,6750.476604,9.66E-33,2.14E-11,0.0311,0.031,0.27,0,679.769
22,1,6756.281812,3.75E-36,1.28E-10,0.0488,0.049,0.73,0,2471.8816
22,1,6760.068419,6.70E-33,2.24E-11,0.0332,0.033,0.34,0,608.2776
22,1,6762.221874,1.13E-39,9.35E-11,0.02,0.02,0.2,0,4406.1677
22,1,6764.793129,1.96E-36,1.36E-10,0.0499,0.05,0.74,0,2440.3379
22,1,6765.58222,1.01E-39,9.37E-11,0.02,0.02,0.2,0,4280.6986
22,1,6768.837279,3.52E-39,9.40E-11,0.02,0.02,0.2,0,4159.1055
22,1,6769.560137,1.82E-32,2.34E-11,0.0354,0.035,0.41,0,540.7443
22,1,6771.987076,3.02E-39,9.42E-11,0.02,0.02,0.2,0,4041.3928
22,1,6773.201357,3.91E-36,1.46E-10,0.0512,0.051,0.75,0,2412.7347
22,1,6775.031639,1.02E-38,9.45E-11,0.02,0.02,0.2,0,3927.5645
22,1,6777.970993,8.39E-39,9.46E-11,0.02,0.02,0.2,0,3817.6248
22,1,6778.951496,1.20E-32,2.45E-11,0.0375,0.037,0.47,0,477.1714
22,1,6780.805162,2.71E-38,9.48E-11,0.02,0.02,0.2,0,3711.5773
22,1,6781.506227,1.85E-36,1.58E-10,0.0525,0.052,0.76,0,2389.073
22,1,6783.53417,2.15E-38,9.50E-11,0.02,0.02,0.2,0,3609.4259
22,1,6786.158038,6.66E-38,9.52E-11,0.02,0.02,0.2,0,3511.1741
22,1,6788.242231,3.11E-32,2.57E-11,0.0396,0.04,0.52,0,417.5611
22,1,6788.676788,5.06E-38,9.54E-11,0.0214,0.021,0.2,0,3416.8253
22,1,6789.707464,3.25E-36,1.77E-10,0.0542,0.054,0.76,0,2369.3537
22,1,6791.090441,1.50E-37,9.56E-11,0.023,0.023,0.2,0,3326.3829
22,1,6793.399015,1.10E-37,9.58E-11,0.025,0.025,0.2,0,3239.8501
22,1,6795.60253,3.13E-37,9.59E-11,0.0273,0.027,0.2,0,3157.2298
22,1,6797.432076,1.96E-32,2.69E-11,0.0415,0.042,0.57,0,361.9156
22,1,6797.701003,2.18E-37,9.61E-11,0.0299,0.03,0.2,0,3078.5249
22,1,6797.804795,1.27E-36,2.14E-10,0.0562,0.056,0.77,0,2353.5774
22,1,6799.694451,5.96E-37,9.63E-11,0.0327,0.033,0.27,0,3003.7383
22,1,6800.093306,4.25E-39,2.42E-11,0.02,0.02,0.2,0,3916.9175
22,1,6801.582889,3.98E-37,9.64E-11,0.0332,0.033,0.34,0,2932.8725
22,1,6803.366333,1.04E-36,9.66E-11,0.0339,0.034,0.41,0,2865.93
22,1,6804.704557,4.83E-39,2.43E-11,0.02,0.02,0.2,0,3743.7852
22,1,6805.044796,6.65E-37,9.67E-11,0.033,0.033,0.47,0,2802.9132
22,1,6805.797946,1.54E-36,3.70E-10,0.0588,0.059,0.78,0,2341.7447
22,1,6806.520765,4.79E-32,2.82E-11,0.0433,0.043,0.62,0,310.2366
22,1,6806.618292,1.66E-36,9.69E-11,0.0357,0.036,0.52,0,2743.8242
22,1,6808.086833,1.01E-36,9.71E-11,0.0356,0.036,0.57,0,2688.6651
22,1,6809.210494,2.16E-38,2.44E-11,0.02,0.02,0.2,0,3574.5023
22,1,6809.450431,2.41E-36,9.72E-11,0.0374,0.037,0.62,0,2637.4379
22,1,6810.709096,1.40E-36,9.74E-11,0.0432,0.043,0.65,0,2590.1444
22,1,6811.862838,3.15E-36,9.76E-11,0.0466,0.047,0.68,0,2546.7862
22,1,6812.911666,1.73E-36,9.78E-11,0.0472,0.047,0.71,0,2507.3648
22,1,6813.611154,2.36E-38,2.44E-11,0.02,0.02,0.2,0,3409.0746
22,1,6813.855589,3.69E-36,9.81E-11,0.0469,0.047,0.73,0,2471.8816
22,1,6814.694612,1.90E-36,9.85E-11,0.0476,0.048,0.74,0,2440.3379
22,1,6815.428744,3.79E-36,9.90E-11,0.0469,0.047,0.75,0,2412.7347
22,1,6815.508033,2.86E-32,2.95E-11,0.0448,0.045,0.65,0,262.5261
22,1,6816.057989,1.81E-36,9.97E-11,0.0477,0.048,0.76,0,2389.073
22,1,6816.582352,3.31E-36,1.01E-10,0.049,0.049,0.76,0,2369.3537
22,1,6817.001838,1.43E-36,1.04E-10,0.0509,0.051,0.77,0,2353.5774
22,1,6817.31645,2.31E-36,1.11E-10,0.0535,0.053,0.78,0,2341.7447
22,1,6817.52619,1.01E-36,1.56E-10,0.0567,0.057,0.79,0,2333.856
22,1,6817.906574,1.01E-37,2.45E-11,0.02,0.02,0.2,0,3247.5078
22,1,6822.09679,1.06E-37,2.46E-11,0.02,0.02,0.2,0,3089.8075
22,1,6824.39361,6.63E-32,3.10E-11,0.0463,0.046,0.68,0,218.7856
22,1,6826.181836,4.38E-37,2.47E-11,0.02,0.02,0.2,0,2935.9792
22,1,6829.149563,1.80E-36,8.19E-11,0.0663,0.066,0.81,0,2329.9116
22,1,6830.161745,4.43E-37,2.47E-11,0.02,0.02,0.2,0,2786.0283
22,1,6833.177229,3.73E-32,3.26E-11,0.0476,0.048,0.71,0,179.0168
22,1,6834.036549,1.76E-36,2.48E-11,0.02,0.02,0.2,0,2639.96
22,1,6836.723233,1.64E-36,1.09E-10,0.0621,0.062,0.79,0,2333.856
22,1,6837.80628,1.71E-36,2.49E-11,0.02,0.02,0.2,0,2497.7792
22,1,6841.470967,6.52E-36,2.49E-11,0.02,0.02,0.2,0,2359.4911
22,1,6841.858619,8.09E-32,3.45E-11,0.0488,0.049,0.73,0,143.2209
22,1,6844.191339,4.65E-36,1.25E-10,0.0588,0.059,0.78,0,2341.7447
22,1,6845.03064,6.09E-36,2.50E-11,0.02,0.02,0.2,0,2225.1003
22,1,6848.485327,2.23E-35,2.51E-11,0.02,0.02,0.2,0,2094.6115
22,1,6850.437511,4.23E-32,3.66E-11,0.0499,0.05,0.74,0,111.3991
22,1,6851.553601,2.93E-36,1.37E-10,0.0562,0.056,0.77,0,2353.5774
22,1,6851.835054,2.00E-35,2.51E-11,0.02,0.02,0.2,0,1968.0293
22,1,6855.079847,7.06E-35,2.52E-11,0.02,0.02,0.2,0,1845.358
22,1,6858.219733,6.09E-35,2.53E-11,0.02,0.02,0.2,0,1726.6019
22,1,6858.809739,6.87E-36,1.47E-10,0.0542,0.054,0.76,0,2369.3537
22,1,6858.913634,8.46E-32,3.91E-11,0.0512,0.051,0.75,0,83.5527
22,1,6861.254735,2.06E-34,2.53E-11,0.02,0.02,0.2,0,1611.7652
22,1,6864.184875,1.71E-34,2.54E-11,0.02,0.02,0.2,0,1500.8518
22,1,6865.959472,3.81E-36,1.56E-10,0.0525,0.052,0.76,0,2389.073
22,1,6867.010177,5.54E-34,2.54E-11,0.02,0.02,0.2,0,1393.8655
22,1,6867.286716,4.00E-32,4.25E-11,0.0525,0.052,0.76,0,59.6826
22,1,6869.730662,4.40E-34,2.55E-11,0.02,0.02,0.2,0,1290.81
22,1,6872.34635,1.37E-33,2.55E-11,0.02,0.02,0.2,0,1191.689
22,1,6873.00252,8.09E-36,1.64E-10,0.0512,0.051,0.75,0,2412.7347
22,1,6874.85726,1.05E-33,2.56E-11,0.0214,0.021,0.2,0,1096.5059
22,1,6875.556484,7.03E-32,4.76E-11,0.0542,0.054,0.76,0,39.7895
22,1,6877.263412,3.12E-33,2.56E-11,0.023,0.023,0.2,0,1005.2639
22,1,6879.564824,2.28E-33,2.57E-11,0.025,0.025,0.2,0,917.9663
22,1,6879.938599,4.13E-36,1.72E-10,0.0499,0.05,0.74,0,2440.3379
22,1,6881.761512,6.54E-33,2.57E-11,0.0273,0.027,0.2,0,834.6161
22,1,6883.722664,2.75E-32,5.75E-11,0.0562,0.056,0.77,0,23.8743
22,1,6883.853493,4.58E-33,2.58E-11,0.0299,0.03,0.2,0,755.216
22,1,6885.840781,1.26E-32,2.58E-11,0.0327,0.033,0.27,0,679.769
22,1,6886.767426,8.17E-36,1.80E-10,0.0488,0.049,0.73,0,2471.8816
22,1,6887.723392,8.41E-33,2.59E-11,0.0332,0.033,0.34,0,608.2776
22,1,6889.501339,2.21E-32,2.59E-11,0.0339,0.034,0.41,0,540.7443
22,1,6891.174635,1.41E-32,2.59E-11,0.033,0.033,0.47,0,477.1714
22,1,6891.784984,3.34E-32,9.92E-11,0.0588,0.059,0.78,0,11.9373
22,1,6892.743292,3.54E-32,2.60E-11,0.0357,0.036,0.52,0,417.5611
22,1,6893.488718,3.91E-36,1.87E-10,0.0476,0.048,0.71,0,2507.3648
22,1,6894.207321,2.16E-32,2.60E-11,0.0356,0.036,0.57,0,361.9156
22,1,6895.566733,5.15E-32,2.61E-11,0.0374,0.037,0.62,0,310.2366
22,1,6896.821538,2.99E-32,2.61E-11,0.0432,0.043,0.65,0,262.5261
22,1,6897.971744,6.77E-32,2.62E-11,0.0466,0.047,0.68,0,218.7856
22,1,6899.017361,3.72E-32,2.62E-11,0.0472,0.047,0.71,0,179.0168
22,1,6899.958394,7.94E-32,2.63E-11,0.0469,0.047,0.73,0,143.2209
22,1,6900.102189,7.28E-36,1.95E-10,0.0463,0.046,0.68,0,2546.7862
22,1,6900.794852,4.10E-32,2.64E-11,0.0476,0.048,0.74,0,111.3991
22,1,6901.526739,8.19E-32,2.65E-11,0.0469,0.047,0.75,0,83.5527
22,1,6902.154061,3.92E-32,2.67E-11,0.0477,0.048,0.76,0,59.6826
22,1,6902.676823,7.16E-32,2.71E-11,0.049,0.049,0.76,0,39.7895
22,1,6903.095028,3.09E-32,2.78E-11,0.0509,0.051,0.77,0,23.8743
22,1,6903.40868,5.01E-32,2.98E-11,0.0535,0.053,0.78,0,11.9373
22,1,6903.617779,2.19E-32,4.18E-11,0.0567,0.057,0.79,0,3.9792
22,1,6906.607554,3.30E-36,2.02E-10,0.0448,0.045,0.65,0,2590.1444
22,1,6913.004528,5.83E-36,2.09E-10,0.0433,0.043,0.62,0,2637.4379
22,1,6915.346024,3.90E-32,2.20E-11,0.0663,0.066,0.81,0,0
22,1,6919.292822,2.51E-36,2.17E-10,0.0415,0.042,0.57,0,2688.6651
22,1,6922.990143,3.55E-32,2.92E-11,0.0621,0.062,0.79,0,3.9792
22,1,6925.47215,4.22E-36,2.24E-10,0.0396,0.04,0.52,0,2743.8242
22,1,6930.529019,1.01E-31,3.35E-11,0.0588,0.059,0.78,0,11.9373
22,1,6931.542222,1.73E-36,2.32E-10,0.0375,0.037,0.47,0,2802.9132
22,1,6937.50275,2.78E-36,2.39E-10,0.0354,0.035,0.41,0,2865.93
22,1,6937.962374,6.34E-32,3.68E-11,0.0562,0.056,0.77,0,23.8743
22,1,6943.353443,1.09E-36,2.47E-10,0.0332,0.033,0.34,0,2932.8725
22,1,6945.289928,1.49E-31,3.94E-11,0.0542,0.054,0.76,0,39.7895
22,1,6949.094011,1.67E-36,2.55E-10,0.0311,0.031,0.27,0,3003.7383
22,1,6952.511402,8.23E-32,4.18E-11,0.0525,0.052,0.76,0,59.6826
22,1,6954.724161,6.28E-37,2.63E-10,0.0291,0.029,0.2,0,3078.5249
22,1,6959.626514,1.74E-31,4.40E-11,0.0512,0.051,0.75,0,83.5527
22,1,6960.243602,9.22E-37,2.71E-10,0.0274,0.027,0.2,0,3157.2298
22,1,6965.65204,3.32E-37,2.79E-10,0.0273,0.027,0.2,0,3239.8501
22,1,6966.634984,8.90E-32,4.61E-11,0.0499,0.05,0.74,0,111.3991
22,1,6970.949182,4.67E-37,2.87E-10,0.0273,0.027,0.2,0,3326.3829
22,1,6973.536528,1.76E-31,4.81E-11,0.0488,0.049,0.73,0,143.2209
22,1,6976.134732,1.61E-37,2.95E-10,0.0273,0.027,0.2,0,3416.8253
22,1,6980.330866,8.39E-32,5.01E-11,0.0476,0.048,0.71,0,179.0168
22,1,6981.208396,2.17E-37,3.04E-10,0.0273,0.027,0.2,0,3511.1741
22,1,6986.169876,7.18E-38,3.13E-10,0.0273,0.027,0.2,0,3609.4259
22,1,6987.017712,1.56E-31,5.20E-11,0.0463,0.046,0.68,0,218.7856
22,1,6991.018876,9.30E-38,3.21E-10,0.0273,0.027,0.2,0,3711.5773
22,1,6993.596783,7.05E-32,5.40E-11,0.0448,0.045,0.65,0,262.5261
22,1,6995.755097,2.95E-38,3.30E-10,0.0273,0.027,0.2,0,3817.6248
22,1,7000.067794,1.24E-31,5.59E-11,0.0433,0.043,0.62,0,310.2366
22,1,7000.378241,3.67E-38,3.39E-10,0.0273,0.027,0.2,0,3927.5645
22,1,7004.888008,1.12E-38,3.49E-10,0.0273,0.027,0.2,0,4041.3928
22,1,7006.43046,5.34E-32,5.79E-11,0.0415,0.042,0.57,0,361.9156
22,1,7009.284098,1.33E-38,3.58E-10,0.0273,0.027,0.2,0,4159.1055
22,1,7012.684493,8.95E-32,5.99E-11,0.0396,0.04,0.52,0,417.5611
22,1,7013.566209,3.90E-39,3.68E-10,0.0273,0.027,0.2,0,4280.6986
22,1,7017.734039,4.48E-39,3.77E-10,0.0273,0.027,0.2,0,4406.1677
22,1,7018.829608,3.67E-32,6.19E-11,0.0375,0.037,0.47,0,477.1714
22,1,7021.787285,1.26E-39,3.87E-10,0.0273,0.027,0.2,0,4535.5086
22,1,7024.865516,5.87E-32,6.39E-11,0.0354,0.035,0.41,0,540.7443
22,1,7025.725643,1.39E-39,3.97E-10,0.0273,0.027,0.2,0,4668.7166
22,1,7030.79193,2.29E-32,6.59E-11,0.0332,0.033,0.34,0,608.2776
22,1,7036.60856,3.51E-32,6.80E-11,0.0311,0.031,0.27,0,679.769
22,1,7042.315116,1.31E-32,7.01E-11,0.0291,0.029,0.2,0,755.216
22,1,7047.911308,1.92E-32,7.22E-11,0.0274,0.027,0.2,0,834.6161
22,1,7053.396845,6.88E-33,7.44E-11,0.0273,0.027,0.2,0,917.9663
22,1,7058.771436,9.64E-33,7.66E-11,0.0273,0.027,0.2,0,1005.2639
22,1,7064.034787,3.31E-33,7.88E-11,0.0273,0.027,0.2,0,1096.5059
22,1,7069.186605,4.45E-33,8.11E-11,0.0273,0.027,0.2,0,1191.689
22,1,7074.226596,1.46E-33,8.34E-11,0.0273,0.027,0.2,0,1290.81
22,1,7079.154466,1.89E-33,8.57E-11,0.0273,0.027,0.2,0,1393.8655
22,1,7083.96992,5.96E-34,8.81E-11,0.0273,0.027,0.2,0,1500.8518
22,1,7088.67266,7.38E-34,9.05E-11,0.0273,0.027,0.2,0,1611.7652
22,1,7093.26239,2.24E-34,9.29E-11,0.0273,0.027,0.2,0,1726.6019
22,1,7097.738812,2.66E-34,9.54E-11,0.0273,0.027,0.2,0,1845.358
22,1,7102.101628,7.73E-35,9.79E-11,0.0273,0.027,0.2,0,1968.0293
22,1,7106.350538,8.82E-35,1.01E-10,0.0273,0.027,0.2,0,2094.6115
22,1,7110.485243,2.47E-35,1.03E-10,0.0273,0.027,0.2,0,2225.1003
22,1,7114.505442,2.70E-35,1.06E-10,0.0273,0.027,0.2,0,2359.4911
22,1,7118.410832,7.27E-36,1.09E-10,0.0273,0.027,0.2,0,2497.7792
22,1,7122.201112,7.66E-36,1.11E-10,0.0273,0.027,0.2,0,2639.96
22,1,7125.875978,1.98E-36,1.14E-10,0.0273,0.027,0.2,0,2786.0283
22,1,7129.435126,2.00E-36,1.17E-10,0.0273,0.027,0.2,0,2935.9792
22,1,7132.878251,4.97E-37,1.20E-10,0.0273,0.027,0.2,0,3089.8075
22,1,7136.205047,4.84E-37,1.23E-10,0.0273,0.027,0.2,0,3247.5078
22,1,7139.415207,1.16E-37,1.26E-10,0.0273,0.027,0.2,0,3409.0746
22,1,7142.508424,1.08E-37,1.28E-10,0.0273,0.027,0.2,0,3574.5023
22,1,7145.484388,2.49E-38,1.32E-10,0.0273,0.027,0.2,0,3743.7852
22,1,7148.342791,2.24E-38,1.35E-10,0.0273,0.027,0.2,0,3916.9175
22,1,7151.083321,4.95E-39,1.38E-10,0.0273,0.027,0.2,0,4093.8929
22,1,7153.705667,4.29E-39,1.41E-10,0.0273,0.027,0.2,0,4274.7055
22,1,8732.463873,3.66E-39,1.53E-12,0.0273,0.027,0.2,0,3247.5078
22,1,8745.528345,3.97E-39,1.59E-12,0.0273,0.027,0.2,0,3089.8075
22,1,8758.462979,1.69E-38,1.66E-12,0.0273,0.027,0.2,0,2935.9792
22,1,8771.267545,1.77E-38,1.72E-12,0.0273,0.027,0.2,0,2786.0283
22,1,8783.941816,7.24E-38,1.79E-12,0.0273,0.027,0.2,0,2639.96
22,1,8796.48556,7.27E-38,1.85E-12,0.0273,0.027,0.2,0,2497.7792
22,1,8808.898545,2.86E-37,1.92E-12,0.0273,0.027,0.2,0,2359.4911
22,1,8821.180535,2.75E-37,2.00E-12,0.0273,0.027,0.2,0,2225.1003
22,1,8833.331297,1.04E-36,2.07E-12,0.0273,0.027,0.2,0,2094.6115
22,1,8845.350591,9.63E-37,2.15E-12,0.0273,0.027,0.2,0,1968.0293
22,1,8857.23818,3.49E-36,2.23E-12,0.0273,0.027,0.2,0,1845.358
22,1,8868.993824,3.10E-36,2.31E-12,0.0273,0.027,0.2,0,1726.6019
22,1,8880.617279,1.08E-35,2.39E-12,0.0273,0.027,0.2,0,1611.7652
22,1,8892.108304,9.20E-36,2.48E-12,0.0273,0.027,0.2,0,1500.8518
22,1,8903.466653,3.07E-35,2.56E-12,0.0273,0.027,0.2,0,1393.8655
22,1,8914.692081,2.51E-35,2.66E-12,0.0273,0.027,0.2,0,1290.81
22,1,8925.78434,8.03E-35,2.75E-12,0.0273,0.027,0.2,0,1191.689
22,1,8936.743181,6.29E-35,2.84E-12,0.0273,0.027,0.2,0,1096.5059
22,1,8947.568354,1.93E-34,2.94E-12,0.0273,0.027,0.2,0,1005.2639
22,1,8958.259608,1.45E-34,3.04E-12,0.0273,0.027,0.2,0,917.9663
22,1,8968.81669,4.25E-34,3.15E-12,0.0274,0.027,0.2,0,834.6161
22,1,8979.239346,3.06E-34,3.26E-12,0.0291,0.029,0.2,0,755.216
22,1,8989.527321,8.58E-34,3.37E-12,0.0311,0.031,0.27,0,679.769
22,1,8999.680357,5.89E-34,3.49E-12,0.0332,0.033,0.34,0,608.2776
22,1,9009.698198,1.58E-33,3.61E-12,0.0354,0.035,0.41,0,540.7443
22,1,9019.580585,1.04E-33,3.74E-12,0.0375,0.037,0.47,0,477.1714
22,1,9021.327201,1.63E-39,3.22E-12,0.02,0.02,0.2,0,3574.5023
22,1,9027.204321,1.78E-39,3.23E-12,0.02,0.02,0.2,0,3409.0746
22,1,9029.327256,2.65E-33,3.87E-12,0.0396,0.04,0.52,0,417.5611
22,1,9032.940866,7.63E-39,3.25E-12,0.02,0.02,0.2,0,3247.5078
22,1,9038.536884,8.02E-39,3.26E-12,0.02,0.02,0.2,0,3089.8075
22,1,9038.937951,1.65E-33,4.01E-12,0.0415,0.042,0.57,0,361.9156
22,1,9043.992425,3.31E-38,3.27E-12,0.02,0.02,0.2,0,2935.9792
22,1,9048.412408,4.01E-33,4.16E-12,0.0433,0.043,0.62,0,310.2366
22,1,9049.307533,3.35E-38,3.28E-12,0.02,0.02,0.2,0,2786.0283
22,1,9054.482255,1.33E-37,3.29E-12,0.02,0.02,0.2,0,2639.96
22,1,9057.750362,2.37E-33,4.32E-12,0.0448,0.045,0.65,0,262.5261
22,1,9059.516633,1.29E-37,3.30E-12,0.02,0.02,0.2,0,2497.7792
22,1,9064.410709,4.93E-37,3.31E-12,0.02,0.02,0.2,0,2359.4911
22,1,9066.951549,5.45E-33,4.50E-12,0.0463,0.046,0.68,0,218.7856
22,1,9069.164524,4.61E-37,3.32E-12,0.02,0.02,0.2,0,2225.1003
22,1,9073.778116,1.69E-36,3.33E-12,0.02,0.02,0.2,0,2094.6115
22,1,9076.015703,3.03E-33,4.69E-12,0.0476,0.048,0.71,0,179.0168
22,1,9078.251523,1.52E-36,3.34E-12,0.02,0.02,0.2,0,1968.0293
22,1,9082.584782,5.35E-36,3.35E-12,0.02,0.02,0.2,0,1845.358
22,1,9084.942557,6.53E-33,4.90E-12,0.0488,0.049,0.73,0,143.2209
22,1,9086.777927,4.62E-36,3.36E-12,0.02,0.02,0.2,0,1726.6019
22,1,9090.830992,1.56E-35,3.37E-12,0.02,0.02,0.2,0,1611.7652
22,1,9093.731843,3.39E-33,5.16E-12,0.0499,0.05,0.74,0,111.3991
22,1,9094.74401,1.29E-35,3.38E-12,0.02,0.02,0.2,0,1500.8518
22,1,9098.517011,4.20E-35,3.39E-12,0.02,0.02,0.2,0,1393.8655
22,1,9102.150025,3.34E-35,3.40E-12,0.02,0.02,0.2,0,1290.81
22,1,9102.383291,6.72E-33,5.47E-12,0.0512,0.051,0.75,0,83.5527
22,1,9105.643081,1.04E-34,3.40E-12,0.02,0.02,0.2,0,1191.689
22,1,9108.996206,7.94E-35,3.41E-12,0.0214,0.021,0.2,0,1096.5059
22,1,9110.896631,3.15E-33,5.89E-12,0.0525,0.052,0.76,0,59.6826
22,1,9112.209426,2.37E-34,3.42E-12,0.023,0.023,0.2,0,1005.2639
22,1,9115.282766,1.74E-34,3.43E-12,0.025,0.025,0.2,0,917.9663
22,1,9118.21625,4.97E-34,3.43E-12,0.0273,0.027,0.2,0,834.6161
22,1,9119.271592,5.50E-33,6.54E-12,0.0542,0.054,0.76,0,39.7895
22,1,9121.0099,3.48E-34,3.44E-12,0.0299,0.03,0.2,0,755.216
22,1,9123.663738,9.54E-34,3.45E-12,0.0327,0.033,0.27,0,679.769
22,1,9126.177783,6.40E-34,3.45E-12,0.0332,0.033,0.34,0,608.2776
22,1,9127.507901,2.13E-33,7.84E-12,0.0562,0.056,0.77,0,23.8743
22,1,9128.552056,1.68E-33,3.46E-12,0.0339,0.034,0.41,0,540.7443
22,1,9130.786573,1.08E-33,3.47E-12,0.033,0.033,0.47,0,477.1714
22,1,9132.881353,2.69E-33,3.47E-12,0.0357,0.036,0.52,0,417.5611
22,1,9134.836409,1.64E-33,3.48E-12,0.0356,0.036,0.57,0,361.9156
22,1,9135.605284,2.57E-33,1.34E-11,0.0588,0.059,0.78,0,11.9373
22,1,9136.651759,3.92E-33,3.48E-12,0.0374,0.037,0.62,0,310.2366
22,1,9138.327414,2.28E-33,3.49E-12,0.0432,0.043,0.65,0,262.5261
22,1,9139.863387,5.15E-33,3.50E-12,0.0466,0.047,0.68,0,218.7856
22,1,9141.25969,2.83E-33,3.51E-12,0.0472,0.047,0.71,0,179.0168
22,1,9142.516334,6.05E-33,3.52E-12,0.0469,0.047,0.73,0,143.2209
22,1,9143.633326,3.13E-33,3.53E-12,0.0476,0.048,0.74,0,111.3991
22,1,9144.610677,6.23E-33,3.55E-12,0.0469,0.047,0.75,0,83.5527
22,1,9145.448393,2.99E-33,3.58E-12,0.0477,0.048,0.76,0,59.6826
22,1,9146.14648,5.45E-33,3.62E-12,0.049,0.049,0.76,0,39.7895
22,1,9146.704944,2.35E-33,3.72E-12,0.0509,0.051,0.77,0,23.8743
22,1,9147.123788,3.82E-33,3.99E-12,0.0535,0.053,0.78,0,11.9373
22,1,9147.403015,1.67E-33,5.59E-12,0.0567,0.057,0.79,0,3.9792
22,1,9159.061132,2.94E-33,2.91E-12,0.0663,0.066,0.81,0,0
22,1,9166.600059,2.66E-33,3.83E-12,0.0621,0.062,0.79,0,3.9792
22,1,9173.998676,7.48E-33,4.37E-12,0.0588,0.059,0.78,0,11.9373
22,1,9181.256706,4.69E-33,4.76E-12,0.0562,0.056,0.77,0,23.8743
22,1,9188.373867,1.09E-32,5.06E-12,0.0542,0.054,0.76,0,39.7895
22,1,9195.349877,6.00E-33,5.33E-12,0.0525,0.052,0.76,0,59.6826
22,1,9202.184453,1.27E-32,5.58E-12,0.0512,0.051,0.75,0,83.5527
22,1,9208.877313,6.41E-33,5.80E-12,0.0499,0.05,0.74,0,111.3991
22,1,9215.428171,1.26E-32,6.02E-12,0.0488,0.049,0.73,0,143.2209
22,1,9221.836741,5.98E-33,6.22E-12,0.0476,0.048,0.71,0,179.0168
22,1,9228.102737,1.11E-32,6.43E-12,0.0463,0.046,0.68,0,218.7856
22,1,9234.225872,4.97E-33,6.63E-12,0.0448,0.045,0.65,0,262.5261
22,1,9240.205855,8.71E-33,6.83E-12,0.0433,0.043,0.62,0,310.2366
22,1,9246.042398,3.72E-33,7.02E-12,0.0415,0.042,0.57,0,361.9156
22,1,9251.73521,6.21E-33,7.22E-12,0.0396,0.04,0.52,0,417.5611
22,1,9257.283999,2.53E-33,7.42E-12,0.0375,0.037,0.47,0,477.1714
22,1,9262.688473,4.03E-33,7.62E-12,0.0354,0.035,0.41,0,540.7443
22,1,9267.948337,1.57E-33,7.82E-12,0.0332,0.033,0.34,0,608.2776
22,1,9273.063298,2.38E-33,8.02E-12,0.0311,0.031,0.27,0,679.769
22,1,9278.033058,8.87E-34,8.23E-12,0.0291,0.029,0.2,0,755.216
22,1,9282.857322,1.29E-33,8.44E-12,0.0274,0.027,0.2,0,834.6161
22,1,9287.535791,4.61E-34,8.64E-12,0.0273,0.027,0.2,0,917.9663
22,1,9292.068167,6.43E-34,8.85E-12,0.0273,0.027,0.2,0,1005.2639
22,1,9296.45415,2.20E-34,9.06E-12,0.0273,0.027,0.2,0,1096.5059
22,1,9300.693439,2.94E-34,9.28E-12,0.0273,0.027,0.2,0,1191.689
22,1,9304.785731,9.64E-35,9.50E-12,0.0273,0.027,0.2,0,1290.81
22,1,9308.730724,1.24E-34,9.72E-12,0.0273,0.027,0.2,0,1393.8655
22,1,9312.528114,3.89E-35,9.94E-12,0.0273,0.027,0.2,0,1500.8518
22,1,9316.177594,4.80E-35,1.02E-11,0.0273,0.027,0.2,0,1611.7652
22,1,9319.678859,1.45E-35,1.04E-11,0.0273,0.027,0.2,0,1726.6019
22,1,9323.031601,1.71E-35,1.06E-11,0.0273,0.027,0.2,0,1845.358
22,1,9326.235512,4.97E-36,1.09E-11,0.0273,0.027,0.2,0,1968.0293
22,1,9329.29028,5.65E-36,1.11E-11,0.0273,0.027,0.2,0,2094.6115
22,1,9332.195597,1.57E-36,1.13E-11,0.0273,0.027,0.2,0,2225.1003
22,1,9334.951148,1.72E-36,1.16E-11,0.0273,0.027,0.2,0,2359.4911
22,1,9337.556621,4.60E-37,1.18E-11,0.0273,0.027,0.2,0,2497.7792
22,1,9340.011701,4.83E-37,1.21E-11,0.0273,0.027,0.2,0,2639.96
22,1,9342.316072,1.24E-37,1.23E-11,0.0273,0.027,0.2,0,2786.0283
22,1,9344.469418,1.26E-37,1.26E-11,0.0273,0.027,0.2,0,2935.9792
22,1,9346.471418,3.11E-38,1.28E-11,0.0273,0.027,0.2,0,3089.8075
22,1,9348.321754,3.01E-38,1.31E-11,0.0273,0.027,0.2,0,3247.5078
22,1,9350.020105,7.17E-39,1.34E-11,0.0273,0.027,0.2,0,3409.0746
22,1,9351.566148,6.70E-39,1.36E-11,0.0273,0.027,0.2,0,3574.5023
22,1,9352.959559,1.53E-39,1.39E-11,0.0273,0.027,0.2,0,3743.7852
22,1,9354.200013,1.38E-39,1.42E-11,0.0273,0.027,0.2,0,3916.9175
